-- =====================================================================
-- SEED DATA: 150 TAI KHOAN BENH NHAN (PATIENT ACCOUNTS)
-- =====================================================================
-- Chay SAU 01_core_roles_users.sql
-- Password mac dinh: Admin@123
-- =====================================================================

BEGIN;

INSERT INTO users (users_id, email, phone_number, password_hash, status) VALUES
('USR_PAT_001', 'bn001@gmail.com', '0920500001', '$2b$10$y.aR5SesAQoafDXvBPesl.DLra4SI28YsjsKI.CCx7j0jgnIsRM2K', 'ACTIVE'),
('USR_PAT_002', 'bn002@gmail.com', '0920500002', '$2b$10$y.aR5SesAQoafDXvBPesl.DLra4SI28YsjsKI.CCx7j0jgnIsRM2K', 'ACTIVE'),
('USR_PAT_003', 'bn003@gmail.com', '0920500003', '$2b$10$y.aR5SesAQoafDXvBPesl.DLra4SI28YsjsKI.CCx7j0jgnIsRM2K', 'ACTIVE'),
('USR_PAT_004', 'bn004@gmail.com', '0920500004', '$2b$10$y.aR5SesAQoafDXvBPesl.DLra4SI28YsjsKI.CCx7j0jgnIsRM2K', 'ACTIVE'),
('USR_PAT_005', 'bn005@gmail.com', '0920500005', '$2b$10$y.aR5SesAQoafDXvBPesl.DLra4SI28YsjsKI.CCx7j0jgnIsRM2K', 'ACTIVE'),
('USR_PAT_006', 'bn006@gmail.com', '0920500006', '$2b$10$y.aR5SesAQoafDXvBPesl.DLra4SI28YsjsKI.CCx7j0jgnIsRM2K', 'ACTIVE'),
('USR_PAT_007', 'bn007@gmail.com', '0920500007', '$2b$10$y.aR5SesAQoafDXvBPesl.DLra4SI28YsjsKI.CCx7j0jgnIsRM2K', 'ACTIVE'),
('USR_PAT_008', 'bn008@gmail.com', '0920500008', '$2b$10$y.aR5SesAQoafDXvBPesl.DLra4SI28YsjsKI.CCx7j0jgnIsRM2K', 'ACTIVE'),
('USR_PAT_009', 'bn009@gmail.com', '0920500009', '$2b$10$y.aR5SesAQoafDXvBPesl.DLra4SI28YsjsKI.CCx7j0jgnIsRM2K', 'ACTIVE'),
('USR_PAT_010', 'bn010@gmail.com', '0920500010', '$2b$10$y.aR5SesAQoafDXvBPesl.DLra4SI28YsjsKI.CCx7j0jgnIsRM2K', 'ACTIVE'),
('USR_PAT_011', 'bn011@gmail.com', '0920500011', '$2b$10$y.aR5SesAQoafDXvBPesl.DLra4SI28YsjsKI.CCx7j0jgnIsRM2K', 'ACTIVE'),
('USR_PAT_012', 'bn012@gmail.com', '0920500012', '$2b$10$y.aR5SesAQoafDXvBPesl.DLra4SI28YsjsKI.CCx7j0jgnIsRM2K', 'ACTIVE'),
('USR_PAT_013', 'bn013@gmail.com', '0920500013', '$2b$10$y.aR5SesAQoafDXvBPesl.DLra4SI28YsjsKI.CCx7j0jgnIsRM2K', 'ACTIVE'),
('USR_PAT_014', 'bn014@gmail.com', '0920500014', '$2b$10$y.aR5SesAQoafDXvBPesl.DLra4SI28YsjsKI.CCx7j0jgnIsRM2K', 'ACTIVE'),
('USR_PAT_015', 'bn015@gmail.com', '0920500015', '$2b$10$y.aR5SesAQoafDXvBPesl.DLra4SI28YsjsKI.CCx7j0jgnIsRM2K', 'ACTIVE'),
('USR_PAT_016', 'bn016@gmail.com', '0920500016', '$2b$10$y.aR5SesAQoafDXvBPesl.DLra4SI28YsjsKI.CCx7j0jgnIsRM2K', 'ACTIVE'),
('USR_PAT_017', 'bn017@gmail.com', '0920500017', '$2b$10$y.aR5SesAQoafDXvBPesl.DLra4SI28YsjsKI.CCx7j0jgnIsRM2K', 'ACTIVE'),
('USR_PAT_018', 'bn018@gmail.com', '0920500018', '$2b$10$y.aR5SesAQoafDXvBPesl.DLra4SI28YsjsKI.CCx7j0jgnIsRM2K', 'ACTIVE'),
('USR_PAT_019', 'bn019@gmail.com', '0920500019', '$2b$10$y.aR5SesAQoafDXvBPesl.DLra4SI28YsjsKI.CCx7j0jgnIsRM2K', 'ACTIVE'),
('USR_PAT_020', 'bn020@gmail.com', '0920500020', '$2b$10$y.aR5SesAQoafDXvBPesl.DLra4SI28YsjsKI.CCx7j0jgnIsRM2K', 'ACTIVE'),
('USR_PAT_021', 'bn021@gmail.com', '0920500021', '$2b$10$y.aR5SesAQoafDXvBPesl.DLra4SI28YsjsKI.CCx7j0jgnIsRM2K', 'ACTIVE'),
('USR_PAT_022', 'bn022@gmail.com', '0920500022', '$2b$10$y.aR5SesAQoafDXvBPesl.DLra4SI28YsjsKI.CCx7j0jgnIsRM2K', 'ACTIVE'),
('USR_PAT_023', 'bn023@gmail.com', '0920500023', '$2b$10$y.aR5SesAQoafDXvBPesl.DLra4SI28YsjsKI.CCx7j0jgnIsRM2K', 'ACTIVE'),
('USR_PAT_024', 'bn024@gmail.com', '0920500024', '$2b$10$y.aR5SesAQoafDXvBPesl.DLra4SI28YsjsKI.CCx7j0jgnIsRM2K', 'ACTIVE'),
('USR_PAT_025', 'bn025@gmail.com', '0920500025', '$2b$10$y.aR5SesAQoafDXvBPesl.DLra4SI28YsjsKI.CCx7j0jgnIsRM2K', 'ACTIVE'),
('USR_PAT_026', 'bn026@gmail.com', '0920500026', '$2b$10$y.aR5SesAQoafDXvBPesl.DLra4SI28YsjsKI.CCx7j0jgnIsRM2K', 'ACTIVE'),
('USR_PAT_027', 'bn027@gmail.com', '0920500027', '$2b$10$y.aR5SesAQoafDXvBPesl.DLra4SI28YsjsKI.CCx7j0jgnIsRM2K', 'ACTIVE'),
('USR_PAT_028', 'bn028@gmail.com', '0920500028', '$2b$10$y.aR5SesAQoafDXvBPesl.DLra4SI28YsjsKI.CCx7j0jgnIsRM2K', 'ACTIVE'),
('USR_PAT_029', 'bn029@gmail.com', '0920500029', '$2b$10$y.aR5SesAQoafDXvBPesl.DLra4SI28YsjsKI.CCx7j0jgnIsRM2K', 'ACTIVE'),
('USR_PAT_030', 'bn030@gmail.com', '0920500030', '$2b$10$y.aR5SesAQoafDXvBPesl.DLra4SI28YsjsKI.CCx7j0jgnIsRM2K', 'ACTIVE'),
('USR_PAT_031', 'bn031@gmail.com', '0920500031', '$2b$10$y.aR5SesAQoafDXvBPesl.DLra4SI28YsjsKI.CCx7j0jgnIsRM2K', 'ACTIVE'),
('USR_PAT_032', 'bn032@gmail.com', '0920500032', '$2b$10$y.aR5SesAQoafDXvBPesl.DLra4SI28YsjsKI.CCx7j0jgnIsRM2K', 'ACTIVE'),
('USR_PAT_033', 'bn033@gmail.com', '0920500033', '$2b$10$y.aR5SesAQoafDXvBPesl.DLra4SI28YsjsKI.CCx7j0jgnIsRM2K', 'ACTIVE'),
('USR_PAT_034', 'bn034@gmail.com', '0920500034', '$2b$10$y.aR5SesAQoafDXvBPesl.DLra4SI28YsjsKI.CCx7j0jgnIsRM2K', 'ACTIVE'),
('USR_PAT_035', 'bn035@gmail.com', '0920500035', '$2b$10$y.aR5SesAQoafDXvBPesl.DLra4SI28YsjsKI.CCx7j0jgnIsRM2K', 'ACTIVE'),
('USR_PAT_036', 'bn036@gmail.com', '0920500036', '$2b$10$y.aR5SesAQoafDXvBPesl.DLra4SI28YsjsKI.CCx7j0jgnIsRM2K', 'ACTIVE'),
('USR_PAT_037', 'bn037@gmail.com', '0920500037', '$2b$10$y.aR5SesAQoafDXvBPesl.DLra4SI28YsjsKI.CCx7j0jgnIsRM2K', 'ACTIVE'),
('USR_PAT_038', 'bn038@gmail.com', '0920500038', '$2b$10$y.aR5SesAQoafDXvBPesl.DLra4SI28YsjsKI.CCx7j0jgnIsRM2K', 'ACTIVE'),
('USR_PAT_039', 'bn039@gmail.com', '0920500039', '$2b$10$y.aR5SesAQoafDXvBPesl.DLra4SI28YsjsKI.CCx7j0jgnIsRM2K', 'ACTIVE'),
('USR_PAT_040', 'bn040@gmail.com', '0920500040', '$2b$10$y.aR5SesAQoafDXvBPesl.DLra4SI28YsjsKI.CCx7j0jgnIsRM2K', 'ACTIVE'),
('USR_PAT_041', 'bn041@gmail.com', '0920500041', '$2b$10$y.aR5SesAQoafDXvBPesl.DLra4SI28YsjsKI.CCx7j0jgnIsRM2K', 'ACTIVE'),
('USR_PAT_042', 'bn042@gmail.com', '0920500042', '$2b$10$y.aR5SesAQoafDXvBPesl.DLra4SI28YsjsKI.CCx7j0jgnIsRM2K', 'ACTIVE'),
('USR_PAT_043', 'bn043@gmail.com', '0920500043', '$2b$10$y.aR5SesAQoafDXvBPesl.DLra4SI28YsjsKI.CCx7j0jgnIsRM2K', 'ACTIVE'),
('USR_PAT_044', 'bn044@gmail.com', '0920500044', '$2b$10$y.aR5SesAQoafDXvBPesl.DLra4SI28YsjsKI.CCx7j0jgnIsRM2K', 'ACTIVE'),
('USR_PAT_045', 'bn045@gmail.com', '0920500045', '$2b$10$y.aR5SesAQoafDXvBPesl.DLra4SI28YsjsKI.CCx7j0jgnIsRM2K', 'ACTIVE'),
('USR_PAT_046', 'bn046@gmail.com', '0920500046', '$2b$10$y.aR5SesAQoafDXvBPesl.DLra4SI28YsjsKI.CCx7j0jgnIsRM2K', 'ACTIVE'),
('USR_PAT_047', 'bn047@gmail.com', '0920500047', '$2b$10$y.aR5SesAQoafDXvBPesl.DLra4SI28YsjsKI.CCx7j0jgnIsRM2K', 'ACTIVE'),
('USR_PAT_048', 'bn048@gmail.com', '0920500048', '$2b$10$y.aR5SesAQoafDXvBPesl.DLra4SI28YsjsKI.CCx7j0jgnIsRM2K', 'ACTIVE'),
('USR_PAT_049', 'bn049@gmail.com', '0920500049', '$2b$10$y.aR5SesAQoafDXvBPesl.DLra4SI28YsjsKI.CCx7j0jgnIsRM2K', 'ACTIVE'),
('USR_PAT_050', 'bn050@gmail.com', '0921500050', '$2b$10$y.aR5SesAQoafDXvBPesl.DLra4SI28YsjsKI.CCx7j0jgnIsRM2K', 'ACTIVE'),
('USR_PAT_051', 'bn051@gmail.com', '0921500051', '$2b$10$y.aR5SesAQoafDXvBPesl.DLra4SI28YsjsKI.CCx7j0jgnIsRM2K', 'ACTIVE'),
('USR_PAT_052', 'bn052@gmail.com', '0921500052', '$2b$10$y.aR5SesAQoafDXvBPesl.DLra4SI28YsjsKI.CCx7j0jgnIsRM2K', 'ACTIVE'),
('USR_PAT_053', 'bn053@gmail.com', '0921500053', '$2b$10$y.aR5SesAQoafDXvBPesl.DLra4SI28YsjsKI.CCx7j0jgnIsRM2K', 'ACTIVE'),
('USR_PAT_054', 'bn054@gmail.com', '0921500054', '$2b$10$y.aR5SesAQoafDXvBPesl.DLra4SI28YsjsKI.CCx7j0jgnIsRM2K', 'ACTIVE'),
('USR_PAT_055', 'bn055@gmail.com', '0921500055', '$2b$10$y.aR5SesAQoafDXvBPesl.DLra4SI28YsjsKI.CCx7j0jgnIsRM2K', 'ACTIVE'),
('USR_PAT_056', 'bn056@gmail.com', '0921500056', '$2b$10$y.aR5SesAQoafDXvBPesl.DLra4SI28YsjsKI.CCx7j0jgnIsRM2K', 'ACTIVE'),
('USR_PAT_057', 'bn057@gmail.com', '0921500057', '$2b$10$y.aR5SesAQoafDXvBPesl.DLra4SI28YsjsKI.CCx7j0jgnIsRM2K', 'ACTIVE'),
('USR_PAT_058', 'bn058@gmail.com', '0921500058', '$2b$10$y.aR5SesAQoafDXvBPesl.DLra4SI28YsjsKI.CCx7j0jgnIsRM2K', 'ACTIVE'),
('USR_PAT_059', 'bn059@gmail.com', '0921500059', '$2b$10$y.aR5SesAQoafDXvBPesl.DLra4SI28YsjsKI.CCx7j0jgnIsRM2K', 'ACTIVE'),
('USR_PAT_060', 'bn060@gmail.com', '0921500060', '$2b$10$y.aR5SesAQoafDXvBPesl.DLra4SI28YsjsKI.CCx7j0jgnIsRM2K', 'ACTIVE'),
('USR_PAT_061', 'bn061@gmail.com', '0921500061', '$2b$10$y.aR5SesAQoafDXvBPesl.DLra4SI28YsjsKI.CCx7j0jgnIsRM2K', 'ACTIVE'),
('USR_PAT_062', 'bn062@gmail.com', '0921500062', '$2b$10$y.aR5SesAQoafDXvBPesl.DLra4SI28YsjsKI.CCx7j0jgnIsRM2K', 'ACTIVE'),
('USR_PAT_063', 'bn063@gmail.com', '0921500063', '$2b$10$y.aR5SesAQoafDXvBPesl.DLra4SI28YsjsKI.CCx7j0jgnIsRM2K', 'ACTIVE'),
('USR_PAT_064', 'bn064@gmail.com', '0921500064', '$2b$10$y.aR5SesAQoafDXvBPesl.DLra4SI28YsjsKI.CCx7j0jgnIsRM2K', 'ACTIVE'),
('USR_PAT_065', 'bn065@gmail.com', '0921500065', '$2b$10$y.aR5SesAQoafDXvBPesl.DLra4SI28YsjsKI.CCx7j0jgnIsRM2K', 'ACTIVE'),
('USR_PAT_066', 'bn066@gmail.com', '0921500066', '$2b$10$y.aR5SesAQoafDXvBPesl.DLra4SI28YsjsKI.CCx7j0jgnIsRM2K', 'ACTIVE'),
('USR_PAT_067', 'bn067@gmail.com', '0921500067', '$2b$10$y.aR5SesAQoafDXvBPesl.DLra4SI28YsjsKI.CCx7j0jgnIsRM2K', 'ACTIVE'),
('USR_PAT_068', 'bn068@gmail.com', '0921500068', '$2b$10$y.aR5SesAQoafDXvBPesl.DLra4SI28YsjsKI.CCx7j0jgnIsRM2K', 'ACTIVE'),
('USR_PAT_069', 'bn069@gmail.com', '0921500069', '$2b$10$y.aR5SesAQoafDXvBPesl.DLra4SI28YsjsKI.CCx7j0jgnIsRM2K', 'ACTIVE'),
('USR_PAT_070', 'bn070@gmail.com', '0921500070', '$2b$10$y.aR5SesAQoafDXvBPesl.DLra4SI28YsjsKI.CCx7j0jgnIsRM2K', 'ACTIVE'),
('USR_PAT_071', 'bn071@gmail.com', '0921500071', '$2b$10$y.aR5SesAQoafDXvBPesl.DLra4SI28YsjsKI.CCx7j0jgnIsRM2K', 'ACTIVE'),
('USR_PAT_072', 'bn072@gmail.com', '0921500072', '$2b$10$y.aR5SesAQoafDXvBPesl.DLra4SI28YsjsKI.CCx7j0jgnIsRM2K', 'ACTIVE'),
('USR_PAT_073', 'bn073@gmail.com', '0921500073', '$2b$10$y.aR5SesAQoafDXvBPesl.DLra4SI28YsjsKI.CCx7j0jgnIsRM2K', 'ACTIVE'),
('USR_PAT_074', 'bn074@gmail.com', '0921500074', '$2b$10$y.aR5SesAQoafDXvBPesl.DLra4SI28YsjsKI.CCx7j0jgnIsRM2K', 'ACTIVE'),
('USR_PAT_075', 'bn075@gmail.com', '0921500075', '$2b$10$y.aR5SesAQoafDXvBPesl.DLra4SI28YsjsKI.CCx7j0jgnIsRM2K', 'ACTIVE'),
('USR_PAT_076', 'bn076@gmail.com', '0921500076', '$2b$10$y.aR5SesAQoafDXvBPesl.DLra4SI28YsjsKI.CCx7j0jgnIsRM2K', 'ACTIVE'),
('USR_PAT_077', 'bn077@gmail.com', '0921500077', '$2b$10$y.aR5SesAQoafDXvBPesl.DLra4SI28YsjsKI.CCx7j0jgnIsRM2K', 'ACTIVE'),
('USR_PAT_078', 'bn078@gmail.com', '0921500078', '$2b$10$y.aR5SesAQoafDXvBPesl.DLra4SI28YsjsKI.CCx7j0jgnIsRM2K', 'ACTIVE'),
('USR_PAT_079', 'bn079@gmail.com', '0921500079', '$2b$10$y.aR5SesAQoafDXvBPesl.DLra4SI28YsjsKI.CCx7j0jgnIsRM2K', 'ACTIVE'),
('USR_PAT_080', 'bn080@gmail.com', '0921500080', '$2b$10$y.aR5SesAQoafDXvBPesl.DLra4SI28YsjsKI.CCx7j0jgnIsRM2K', 'ACTIVE'),
('USR_PAT_081', 'bn081@gmail.com', '0921500081', '$2b$10$y.aR5SesAQoafDXvBPesl.DLra4SI28YsjsKI.CCx7j0jgnIsRM2K', 'ACTIVE'),
('USR_PAT_082', 'bn082@gmail.com', '0921500082', '$2b$10$y.aR5SesAQoafDXvBPesl.DLra4SI28YsjsKI.CCx7j0jgnIsRM2K', 'ACTIVE'),
('USR_PAT_083', 'bn083@gmail.com', '0921500083', '$2b$10$y.aR5SesAQoafDXvBPesl.DLra4SI28YsjsKI.CCx7j0jgnIsRM2K', 'ACTIVE'),
('USR_PAT_084', 'bn084@gmail.com', '0921500084', '$2b$10$y.aR5SesAQoafDXvBPesl.DLra4SI28YsjsKI.CCx7j0jgnIsRM2K', 'ACTIVE'),
('USR_PAT_085', 'bn085@gmail.com', '0921500085', '$2b$10$y.aR5SesAQoafDXvBPesl.DLra4SI28YsjsKI.CCx7j0jgnIsRM2K', 'ACTIVE'),
('USR_PAT_086', 'bn086@gmail.com', '0921500086', '$2b$10$y.aR5SesAQoafDXvBPesl.DLra4SI28YsjsKI.CCx7j0jgnIsRM2K', 'ACTIVE'),
('USR_PAT_087', 'bn087@gmail.com', '0921500087', '$2b$10$y.aR5SesAQoafDXvBPesl.DLra4SI28YsjsKI.CCx7j0jgnIsRM2K', 'ACTIVE'),
('USR_PAT_088', 'bn088@gmail.com', '0921500088', '$2b$10$y.aR5SesAQoafDXvBPesl.DLra4SI28YsjsKI.CCx7j0jgnIsRM2K', 'ACTIVE'),
('USR_PAT_089', 'bn089@gmail.com', '0921500089', '$2b$10$y.aR5SesAQoafDXvBPesl.DLra4SI28YsjsKI.CCx7j0jgnIsRM2K', 'ACTIVE'),
('USR_PAT_090', 'bn090@gmail.com', '0921500090', '$2b$10$y.aR5SesAQoafDXvBPesl.DLra4SI28YsjsKI.CCx7j0jgnIsRM2K', 'ACTIVE'),
('USR_PAT_091', 'bn091@gmail.com', '0921500091', '$2b$10$y.aR5SesAQoafDXvBPesl.DLra4SI28YsjsKI.CCx7j0jgnIsRM2K', 'ACTIVE'),
('USR_PAT_092', 'bn092@gmail.com', '0921500092', '$2b$10$y.aR5SesAQoafDXvBPesl.DLra4SI28YsjsKI.CCx7j0jgnIsRM2K', 'ACTIVE'),
('USR_PAT_093', 'bn093@gmail.com', '0921500093', '$2b$10$y.aR5SesAQoafDXvBPesl.DLra4SI28YsjsKI.CCx7j0jgnIsRM2K', 'ACTIVE'),
('USR_PAT_094', 'bn094@gmail.com', '0921500094', '$2b$10$y.aR5SesAQoafDXvBPesl.DLra4SI28YsjsKI.CCx7j0jgnIsRM2K', 'ACTIVE'),
('USR_PAT_095', 'bn095@gmail.com', '0921500095', '$2b$10$y.aR5SesAQoafDXvBPesl.DLra4SI28YsjsKI.CCx7j0jgnIsRM2K', 'ACTIVE'),
('USR_PAT_096', 'bn096@gmail.com', '0921500096', '$2b$10$y.aR5SesAQoafDXvBPesl.DLra4SI28YsjsKI.CCx7j0jgnIsRM2K', 'ACTIVE'),
('USR_PAT_097', 'bn097@gmail.com', '0921500097', '$2b$10$y.aR5SesAQoafDXvBPesl.DLra4SI28YsjsKI.CCx7j0jgnIsRM2K', 'ACTIVE'),
('USR_PAT_098', 'bn098@gmail.com', '0921500098', '$2b$10$y.aR5SesAQoafDXvBPesl.DLra4SI28YsjsKI.CCx7j0jgnIsRM2K', 'ACTIVE'),
('USR_PAT_099', 'bn099@gmail.com', '0921500099', '$2b$10$y.aR5SesAQoafDXvBPesl.DLra4SI28YsjsKI.CCx7j0jgnIsRM2K', 'ACTIVE'),
('USR_PAT_100', 'bn100@gmail.com', '0922500100', '$2b$10$y.aR5SesAQoafDXvBPesl.DLra4SI28YsjsKI.CCx7j0jgnIsRM2K', 'ACTIVE'),
('USR_PAT_101', 'bn101@gmail.com', '0922500101', '$2b$10$y.aR5SesAQoafDXvBPesl.DLra4SI28YsjsKI.CCx7j0jgnIsRM2K', 'ACTIVE'),
('USR_PAT_102', 'bn102@gmail.com', '0922500102', '$2b$10$y.aR5SesAQoafDXvBPesl.DLra4SI28YsjsKI.CCx7j0jgnIsRM2K', 'ACTIVE'),
('USR_PAT_103', 'bn103@gmail.com', '0922500103', '$2b$10$y.aR5SesAQoafDXvBPesl.DLra4SI28YsjsKI.CCx7j0jgnIsRM2K', 'ACTIVE'),
('USR_PAT_104', 'bn104@gmail.com', '0922500104', '$2b$10$y.aR5SesAQoafDXvBPesl.DLra4SI28YsjsKI.CCx7j0jgnIsRM2K', 'ACTIVE'),
('USR_PAT_105', 'bn105@gmail.com', '0922500105', '$2b$10$y.aR5SesAQoafDXvBPesl.DLra4SI28YsjsKI.CCx7j0jgnIsRM2K', 'ACTIVE'),
('USR_PAT_106', 'bn106@gmail.com', '0922500106', '$2b$10$y.aR5SesAQoafDXvBPesl.DLra4SI28YsjsKI.CCx7j0jgnIsRM2K', 'ACTIVE'),
('USR_PAT_107', 'bn107@gmail.com', '0922500107', '$2b$10$y.aR5SesAQoafDXvBPesl.DLra4SI28YsjsKI.CCx7j0jgnIsRM2K', 'ACTIVE'),
('USR_PAT_108', 'bn108@gmail.com', '0922500108', '$2b$10$y.aR5SesAQoafDXvBPesl.DLra4SI28YsjsKI.CCx7j0jgnIsRM2K', 'ACTIVE'),
('USR_PAT_109', 'bn109@gmail.com', '0922500109', '$2b$10$y.aR5SesAQoafDXvBPesl.DLra4SI28YsjsKI.CCx7j0jgnIsRM2K', 'ACTIVE'),
('USR_PAT_110', 'bn110@gmail.com', '0922500110', '$2b$10$y.aR5SesAQoafDXvBPesl.DLra4SI28YsjsKI.CCx7j0jgnIsRM2K', 'ACTIVE'),
('USR_PAT_111', 'bn111@gmail.com', '0922500111', '$2b$10$y.aR5SesAQoafDXvBPesl.DLra4SI28YsjsKI.CCx7j0jgnIsRM2K', 'ACTIVE'),
('USR_PAT_112', 'bn112@gmail.com', '0922500112', '$2b$10$y.aR5SesAQoafDXvBPesl.DLra4SI28YsjsKI.CCx7j0jgnIsRM2K', 'ACTIVE'),
('USR_PAT_113', 'bn113@gmail.com', '0922500113', '$2b$10$y.aR5SesAQoafDXvBPesl.DLra4SI28YsjsKI.CCx7j0jgnIsRM2K', 'ACTIVE'),
('USR_PAT_114', 'bn114@gmail.com', '0922500114', '$2b$10$y.aR5SesAQoafDXvBPesl.DLra4SI28YsjsKI.CCx7j0jgnIsRM2K', 'ACTIVE'),
('USR_PAT_115', 'bn115@gmail.com', '0922500115', '$2b$10$y.aR5SesAQoafDXvBPesl.DLra4SI28YsjsKI.CCx7j0jgnIsRM2K', 'ACTIVE'),
('USR_PAT_116', 'bn116@gmail.com', '0922500116', '$2b$10$y.aR5SesAQoafDXvBPesl.DLra4SI28YsjsKI.CCx7j0jgnIsRM2K', 'ACTIVE'),
('USR_PAT_117', 'bn117@gmail.com', '0922500117', '$2b$10$y.aR5SesAQoafDXvBPesl.DLra4SI28YsjsKI.CCx7j0jgnIsRM2K', 'ACTIVE'),
('USR_PAT_118', 'bn118@gmail.com', '0922500118', '$2b$10$y.aR5SesAQoafDXvBPesl.DLra4SI28YsjsKI.CCx7j0jgnIsRM2K', 'ACTIVE'),
('USR_PAT_119', 'bn119@gmail.com', '0922500119', '$2b$10$y.aR5SesAQoafDXvBPesl.DLra4SI28YsjsKI.CCx7j0jgnIsRM2K', 'ACTIVE'),
('USR_PAT_120', 'bn120@gmail.com', '0922500120', '$2b$10$y.aR5SesAQoafDXvBPesl.DLra4SI28YsjsKI.CCx7j0jgnIsRM2K', 'ACTIVE'),
('USR_PAT_121', 'bn121@gmail.com', '0922500121', '$2b$10$y.aR5SesAQoafDXvBPesl.DLra4SI28YsjsKI.CCx7j0jgnIsRM2K', 'ACTIVE'),
('USR_PAT_122', 'bn122@gmail.com', '0922500122', '$2b$10$y.aR5SesAQoafDXvBPesl.DLra4SI28YsjsKI.CCx7j0jgnIsRM2K', 'ACTIVE'),
('USR_PAT_123', 'bn123@gmail.com', '0922500123', '$2b$10$y.aR5SesAQoafDXvBPesl.DLra4SI28YsjsKI.CCx7j0jgnIsRM2K', 'ACTIVE'),
('USR_PAT_124', 'bn124@gmail.com', '0922500124', '$2b$10$y.aR5SesAQoafDXvBPesl.DLra4SI28YsjsKI.CCx7j0jgnIsRM2K', 'ACTIVE'),
('USR_PAT_125', 'bn125@gmail.com', '0922500125', '$2b$10$y.aR5SesAQoafDXvBPesl.DLra4SI28YsjsKI.CCx7j0jgnIsRM2K', 'ACTIVE'),
('USR_PAT_126', 'bn126@gmail.com', '0922500126', '$2b$10$y.aR5SesAQoafDXvBPesl.DLra4SI28YsjsKI.CCx7j0jgnIsRM2K', 'ACTIVE'),
('USR_PAT_127', 'bn127@gmail.com', '0922500127', '$2b$10$y.aR5SesAQoafDXvBPesl.DLra4SI28YsjsKI.CCx7j0jgnIsRM2K', 'ACTIVE'),
('USR_PAT_128', 'bn128@gmail.com', '0922500128', '$2b$10$y.aR5SesAQoafDXvBPesl.DLra4SI28YsjsKI.CCx7j0jgnIsRM2K', 'ACTIVE'),
('USR_PAT_129', 'bn129@gmail.com', '0922500129', '$2b$10$y.aR5SesAQoafDXvBPesl.DLra4SI28YsjsKI.CCx7j0jgnIsRM2K', 'ACTIVE'),
('USR_PAT_130', 'bn130@gmail.com', '0922500130', '$2b$10$y.aR5SesAQoafDXvBPesl.DLra4SI28YsjsKI.CCx7j0jgnIsRM2K', 'ACTIVE'),
('USR_PAT_131', 'bn131@gmail.com', '0922500131', '$2b$10$y.aR5SesAQoafDXvBPesl.DLra4SI28YsjsKI.CCx7j0jgnIsRM2K', 'ACTIVE'),
('USR_PAT_132', 'bn132@gmail.com', '0922500132', '$2b$10$y.aR5SesAQoafDXvBPesl.DLra4SI28YsjsKI.CCx7j0jgnIsRM2K', 'ACTIVE'),
('USR_PAT_133', 'bn133@gmail.com', '0922500133', '$2b$10$y.aR5SesAQoafDXvBPesl.DLra4SI28YsjsKI.CCx7j0jgnIsRM2K', 'ACTIVE'),
('USR_PAT_134', 'bn134@gmail.com', '0922500134', '$2b$10$y.aR5SesAQoafDXvBPesl.DLra4SI28YsjsKI.CCx7j0jgnIsRM2K', 'ACTIVE'),
('USR_PAT_135', 'bn135@gmail.com', '0922500135', '$2b$10$y.aR5SesAQoafDXvBPesl.DLra4SI28YsjsKI.CCx7j0jgnIsRM2K', 'ACTIVE'),
('USR_PAT_136', 'bn136@gmail.com', '0922500136', '$2b$10$y.aR5SesAQoafDXvBPesl.DLra4SI28YsjsKI.CCx7j0jgnIsRM2K', 'ACTIVE'),
('USR_PAT_137', 'bn137@gmail.com', '0922500137', '$2b$10$y.aR5SesAQoafDXvBPesl.DLra4SI28YsjsKI.CCx7j0jgnIsRM2K', 'ACTIVE'),
('USR_PAT_138', 'bn138@gmail.com', '0922500138', '$2b$10$y.aR5SesAQoafDXvBPesl.DLra4SI28YsjsKI.CCx7j0jgnIsRM2K', 'ACTIVE'),
('USR_PAT_139', 'bn139@gmail.com', '0922500139', '$2b$10$y.aR5SesAQoafDXvBPesl.DLra4SI28YsjsKI.CCx7j0jgnIsRM2K', 'ACTIVE'),
('USR_PAT_140', 'bn140@gmail.com', '0922500140', '$2b$10$y.aR5SesAQoafDXvBPesl.DLra4SI28YsjsKI.CCx7j0jgnIsRM2K', 'ACTIVE'),
('USR_PAT_141', 'bn141@gmail.com', '0922500141', '$2b$10$y.aR5SesAQoafDXvBPesl.DLra4SI28YsjsKI.CCx7j0jgnIsRM2K', 'ACTIVE'),
('USR_PAT_142', 'bn142@gmail.com', '0922500142', '$2b$10$y.aR5SesAQoafDXvBPesl.DLra4SI28YsjsKI.CCx7j0jgnIsRM2K', 'ACTIVE'),
('USR_PAT_143', 'bn143@gmail.com', '0922500143', '$2b$10$y.aR5SesAQoafDXvBPesl.DLra4SI28YsjsKI.CCx7j0jgnIsRM2K', 'ACTIVE'),
('USR_PAT_144', 'bn144@gmail.com', '0922500144', '$2b$10$y.aR5SesAQoafDXvBPesl.DLra4SI28YsjsKI.CCx7j0jgnIsRM2K', 'ACTIVE'),
('USR_PAT_145', 'bn145@gmail.com', '0922500145', '$2b$10$y.aR5SesAQoafDXvBPesl.DLra4SI28YsjsKI.CCx7j0jgnIsRM2K', 'ACTIVE'),
('USR_PAT_146', 'bn146@gmail.com', '0922500146', '$2b$10$y.aR5SesAQoafDXvBPesl.DLra4SI28YsjsKI.CCx7j0jgnIsRM2K', 'ACTIVE'),
('USR_PAT_147', 'bn147@gmail.com', '0922500147', '$2b$10$y.aR5SesAQoafDXvBPesl.DLra4SI28YsjsKI.CCx7j0jgnIsRM2K', 'ACTIVE'),
('USR_PAT_148', 'bn148@gmail.com', '0922500148', '$2b$10$y.aR5SesAQoafDXvBPesl.DLra4SI28YsjsKI.CCx7j0jgnIsRM2K', 'ACTIVE'),
('USR_PAT_149', 'bn149@gmail.com', '0922500149', '$2b$10$y.aR5SesAQoafDXvBPesl.DLra4SI28YsjsKI.CCx7j0jgnIsRM2K', 'ACTIVE'),
('USR_PAT_150', 'bn150@gmail.com', '0923500150', '$2b$10$y.aR5SesAQoafDXvBPesl.DLra4SI28YsjsKI.CCx7j0jgnIsRM2K', 'ACTIVE');

INSERT INTO user_profiles (user_profiles_id, user_id, full_name, dob, gender, identity_card_number, address) VALUES
('PROF_PAT_001', 'USR_PAT_001', 'Trần Đức Bảo', '1955-02-02', 'MALE', '079100001111', '8 Lê Lợi, Q.3, TP.HCM'),
('PROF_PAT_002', 'USR_PAT_002', 'Lê Thanh Diệu', '1955-03-03', 'FEMALE', '079100002222', '15 Trần Hưng Đạo, Q.5, TP.HCM'),
('PROF_PAT_003', 'USR_PAT_003', 'Phạm Quang Dũng', '1955-04-04', 'MALE', '079100003333', '22 Pasteur, Q.7, TP.HCM'),
('PROF_PAT_004', 'USR_PAT_004', 'Hoàng Kim Hạnh', '1956-05-05', 'FEMALE', '079100004444', '29 Hai Bà Trưng, Q.10, TP.HCM'),
('PROF_PAT_005', 'USR_PAT_005', 'Huỳnh Tấn Hải', '1956-06-06', 'MALE', '079100005555', '36 Điện Biên Phủ, Q.Bình Thạnh, TP.HCM'),
('PROF_PAT_006', 'USR_PAT_006', 'Vũ Ánh Lan', '1956-07-07', 'FEMALE', '079100006666', '43 Cách Mạng Tháng 8, Q.Phú Nhuận, TP.HCM'),
('PROF_PAT_007', 'USR_PAT_007', 'Võ Xuân Khang', '1957-08-08', 'MALE', '079100007777', '50 Nguyễn Trãi, Q.Tân Bình, TP.HCM'),
('PROF_PAT_008', 'USR_PAT_008', 'Đặng Diệu Mai', '1957-09-09', 'FEMALE', '079100008888', '57 Võ Văn Tần, Q.Gò Vấp, TP.HCM'),
('PROF_PAT_009', 'USR_PAT_009', 'Bùi Anh Minh', '1957-10-10', 'MALE', '079100009999', '64 Nam Kỳ Khởi Nghĩa, Q.Tân Phú, TP.HCM'),
('PROF_PAT_010', 'USR_PAT_010', 'Đỗ Thị Nhung', '1958-11-11', 'FEMALE', '079100011110', '71 Nguyễn Thị Minh Khai, Q.Bình Tân, TP.HCM'),
('PROF_PAT_011', 'USR_PAT_011', 'Hồ Đức Phúc', '1958-12-12', 'MALE', '079100012221', '78 Lê Văn Sỹ, Q.Thủ Đức, TP.HCM'),
('PROF_PAT_012', 'USR_PAT_012', 'Ngô Thanh Quỳnh', '1958-01-13', 'FEMALE', '079100013332', '85 Cao Thắng, Q.12, TP.HCM'),
('PROF_PAT_013', 'USR_PAT_013', 'Dương Quang Sơn', '1958-02-14', 'MALE', '079100014443', '92 Ba Tháng Hai, Q.2, TP.HCM'),
('PROF_PAT_014', 'USR_PAT_014', 'Lý Kim Trang', '1959-03-15', 'FEMALE', '079100015554', '99 Phan Đình Phùng, Q.4, TP.HCM'),
('PROF_PAT_015', 'USR_PAT_015', 'Phan Tấn Thắng', '1959-04-16', 'MALE', '079100016665', '106 Nguyễn Huệ, Q.6, TP.HCM'),
('PROF_PAT_016', 'USR_PAT_016', 'Mai Ánh Uyên', '1959-05-17', 'FEMALE', '079100017776', '113 Lê Lợi, Q.8, TP.HCM'),
('PROF_PAT_017', 'USR_PAT_017', 'Tạ Xuân Trung', '1960-06-18', 'MALE', '079100018887', '120 Trần Hưng Đạo, Q.9, TP.HCM'),
('PROF_PAT_018', 'USR_PAT_018', 'Lưu Diệu Xuân', '1960-07-19', 'FEMALE', '079100019998', '127 Pasteur, Q.11, TP.HCM'),
('PROF_PAT_019', 'USR_PAT_019', 'Hà Anh Vinh', '1960-08-20', 'MALE', '079100021109', '134 Hai Bà Trưng, Q.1, TP.HCM'),
('PROF_PAT_020', 'USR_PAT_020', 'Nguyễn Thị Dung', '1961-09-21', 'FEMALE', '079100022220', '141 Điện Biên Phủ, Q.3, TP.HCM'),
('PROF_PAT_021', 'USR_PAT_021', 'Trần Đức Khôi', '1961-10-22', 'MALE', '079100023331', '148 Cách Mạng Tháng 8, Q.5, TP.HCM'),
('PROF_PAT_022', 'USR_PAT_022', 'Lê Thanh Hiền', '1961-11-23', 'FEMALE', '079100024442', '155 Nguyễn Trãi, Q.7, TP.HCM'),
('PROF_PAT_023', 'USR_PAT_023', 'Phạm Quang Nhật', '1961-12-24', 'MALE', '079100025553', '162 Võ Văn Tần, Q.10, TP.HCM'),
('PROF_PAT_024', 'USR_PAT_024', 'Hoàng Kim Bích', '1962-01-25', 'FEMALE', '079100026664', '169 Nam Kỳ Khởi Nghĩa, Q.Bình Thạnh, TP.HCM'),
('PROF_PAT_025', 'USR_PAT_025', 'Huỳnh Tấn Anh', '1962-02-26', 'MALE', '079100027775', '176 Nguyễn Thị Minh Khai, Q.Phú Nhuận, TP.HCM'),
('PROF_PAT_026', 'USR_PAT_026', 'Vũ Ánh Chi', '1962-03-27', 'FEMALE', '079100028886', '183 Lê Văn Sỹ, Q.Tân Bình, TP.HCM'),
('PROF_PAT_027', 'USR_PAT_027', 'Võ Xuân Cường', '1963-04-28', 'MALE', '079100029997', '190 Cao Thắng, Q.Gò Vấp, TP.HCM'),
('PROF_PAT_028', 'USR_PAT_028', 'Đặng Diệu Hà', '1963-05-01', 'FEMALE', '079100031108', '197 Ba Tháng Hai, Q.Tân Phú, TP.HCM'),
('PROF_PAT_029', 'USR_PAT_029', 'Bùi Anh Đạt', '1963-06-02', 'MALE', '079100032219', '4 Phan Đình Phùng, Q.Bình Tân, TP.HCM'),
('PROF_PAT_030', 'USR_PAT_030', 'Đỗ Thị Hương', '1964-07-03', 'FEMALE', '079100033330', '11 Nguyễn Huệ, Q.Thủ Đức, TP.HCM'),
('PROF_PAT_031', 'USR_PAT_031', 'Hồ Đức Hùng', '1964-08-04', 'MALE', '079100034441', '18 Lê Lợi, Q.12, TP.HCM'),
('PROF_PAT_032', 'USR_PAT_032', 'Ngô Thanh Linh', '1964-09-05', 'FEMALE', '079100035552', '25 Trần Hưng Đạo, Q.2, TP.HCM'),
('PROF_PAT_033', 'USR_PAT_033', 'Dương Quang Long', '1964-10-06', 'MALE', '079100036663', '32 Pasteur, Q.4, TP.HCM'),
('PROF_PAT_034', 'USR_PAT_034', 'Lý Kim Ngân', '1965-11-07', 'FEMALE', '079100037774', '39 Hai Bà Trưng, Q.6, TP.HCM'),
('PROF_PAT_035', 'USR_PAT_035', 'Phan Tấn Nam', '1965-12-08', 'MALE', '079100038885', '46 Điện Biên Phủ, Q.8, TP.HCM'),
('PROF_PAT_036', 'USR_PAT_036', 'Mai Ánh Phương', '1965-01-09', 'FEMALE', '079100039996', '53 Cách Mạng Tháng 8, Q.9, TP.HCM'),
('PROF_PAT_037', 'USR_PAT_037', 'Tạ Xuân Quân', '1966-02-10', 'MALE', '079100041107', '60 Nguyễn Trãi, Q.11, TP.HCM'),
('PROF_PAT_038', 'USR_PAT_038', 'Lưu Diệu Thảo', '1966-03-11', 'FEMALE', '079100042218', '67 Võ Văn Tần, Q.1, TP.HCM'),
('PROF_PAT_039', 'USR_PAT_039', 'Hà Anh Tài', '1966-04-12', 'MALE', '079100043329', '74 Nam Kỳ Khởi Nghĩa, Q.3, TP.HCM'),
('PROF_PAT_040', 'USR_PAT_040', 'Nguyễn Thị Trinh', '1967-05-13', 'FEMALE', '079100044440', '81 Nguyễn Thị Minh Khai, Q.5, TP.HCM'),
('PROF_PAT_041', 'USR_PAT_041', 'Trần Đức Toàn', '1967-06-14', 'MALE', '079100045551', '88 Lê Văn Sỹ, Q.7, TP.HCM'),
('PROF_PAT_042', 'USR_PAT_042', 'Lê Thanh Vân', '1967-07-15', 'FEMALE', '079100046662', '95 Cao Thắng, Q.10, TP.HCM'),
('PROF_PAT_043', 'USR_PAT_043', 'Phạm Quang Tuấn', '1967-08-16', 'MALE', '079100047773', '102 Ba Tháng Hai, Q.Bình Thạnh, TP.HCM'),
('PROF_PAT_044', 'USR_PAT_044', 'Hoàng Kim Yến', '1968-09-17', 'FEMALE', '079100048884', '109 Phan Đình Phùng, Q.Phú Nhuận, TP.HCM'),
('PROF_PAT_045', 'USR_PAT_045', 'Huỳnh Tấn Đức', '1968-10-18', 'MALE', '079100049995', '116 Nguyễn Huệ, Q.Tân Bình, TP.HCM'),
('PROF_PAT_046', 'USR_PAT_046', 'Vũ Ánh Giang', '1968-11-19', 'FEMALE', '079100051106', '123 Lê Lợi, Q.Gò Vấp, TP.HCM'),
('PROF_PAT_047', 'USR_PAT_047', 'Võ Xuân Lâm', '1969-12-20', 'MALE', '079100052217', '130 Trần Hưng Đạo, Q.Tân Phú, TP.HCM'),
('PROF_PAT_048', 'USR_PAT_048', 'Đặng Diệu Thanh', '1969-01-21', 'FEMALE', '079100053328', '137 Pasteur, Q.Bình Tân, TP.HCM'),
('PROF_PAT_049', 'USR_PAT_049', 'Bùi Anh Phong', '1969-02-22', 'MALE', '079100054439', '144 Hai Bà Trưng, Q.Thủ Đức, TP.HCM'),
('PROF_PAT_050', 'USR_PAT_050', 'Đỗ Thị An', '1970-03-23', 'FEMALE', '079100055550', '151 Điện Biên Phủ, Q.12, TP.HCM'),
('PROF_PAT_051', 'USR_PAT_051', 'Hồ Đức Bảo', '1970-04-24', 'MALE', '079100056661', '158 Cách Mạng Tháng 8, Q.2, TP.HCM'),
('PROF_PAT_052', 'USR_PAT_052', 'Ngô Thanh Diệu', '1970-05-25', 'FEMALE', '079100057772', '165 Nguyễn Trãi, Q.4, TP.HCM'),
('PROF_PAT_053', 'USR_PAT_053', 'Dương Quang Dũng', '1970-06-26', 'MALE', '079100058883', '172 Võ Văn Tần, Q.6, TP.HCM'),
('PROF_PAT_054', 'USR_PAT_054', 'Lý Kim Hạnh', '1971-07-27', 'FEMALE', '079100059994', '179 Nam Kỳ Khởi Nghĩa, Q.8, TP.HCM'),
('PROF_PAT_055', 'USR_PAT_055', 'Phan Tấn Hải', '1971-08-28', 'MALE', '079100061105', '186 Nguyễn Thị Minh Khai, Q.9, TP.HCM'),
('PROF_PAT_056', 'USR_PAT_056', 'Mai Ánh Lan', '1971-09-01', 'FEMALE', '079100062216', '193 Lê Văn Sỹ, Q.11, TP.HCM'),
('PROF_PAT_057', 'USR_PAT_057', 'Tạ Xuân Khang', '1972-10-02', 'MALE', '079100063327', '200 Cao Thắng, Q.1, TP.HCM'),
('PROF_PAT_058', 'USR_PAT_058', 'Lưu Diệu Mai', '1972-11-03', 'FEMALE', '079100064438', '7 Ba Tháng Hai, Q.3, TP.HCM'),
('PROF_PAT_059', 'USR_PAT_059', 'Hà Anh Minh', '1972-12-04', 'MALE', '079100065549', '14 Phan Đình Phùng, Q.5, TP.HCM'),
('PROF_PAT_060', 'USR_PAT_060', 'Nguyễn Thị Nhung', '1973-01-05', 'FEMALE', '079100066660', '21 Nguyễn Huệ, Q.7, TP.HCM'),
('PROF_PAT_061', 'USR_PAT_061', 'Trần Đức Phúc', '1973-02-06', 'MALE', '079100067771', '28 Lê Lợi, Q.10, TP.HCM'),
('PROF_PAT_062', 'USR_PAT_062', 'Lê Thanh Quỳnh', '1973-03-07', 'FEMALE', '079100068882', '35 Trần Hưng Đạo, Q.Bình Thạnh, TP.HCM'),
('PROF_PAT_063', 'USR_PAT_063', 'Phạm Quang Sơn', '1973-04-08', 'MALE', '079100069993', '42 Pasteur, Q.Phú Nhuận, TP.HCM'),
('PROF_PAT_064', 'USR_PAT_064', 'Hoàng Kim Trang', '1974-05-09', 'FEMALE', '079100071104', '49 Hai Bà Trưng, Q.Tân Bình, TP.HCM'),
('PROF_PAT_065', 'USR_PAT_065', 'Huỳnh Tấn Thắng', '1974-06-10', 'MALE', '079100072215', '56 Điện Biên Phủ, Q.Gò Vấp, TP.HCM'),
('PROF_PAT_066', 'USR_PAT_066', 'Vũ Ánh Uyên', '1974-07-11', 'FEMALE', '079100073326', '63 Cách Mạng Tháng 8, Q.Tân Phú, TP.HCM'),
('PROF_PAT_067', 'USR_PAT_067', 'Võ Xuân Trung', '1975-08-12', 'MALE', '079100074437', '70 Nguyễn Trãi, Q.Bình Tân, TP.HCM'),
('PROF_PAT_068', 'USR_PAT_068', 'Đặng Diệu Xuân', '1975-09-13', 'FEMALE', '079100075548', '77 Võ Văn Tần, Q.Thủ Đức, TP.HCM'),
('PROF_PAT_069', 'USR_PAT_069', 'Bùi Anh Vinh', '1975-10-14', 'MALE', '079100076659', '84 Nam Kỳ Khởi Nghĩa, Q.12, TP.HCM'),
('PROF_PAT_070', 'USR_PAT_070', 'Đỗ Thị Dung', '1976-11-15', 'FEMALE', '079100077770', '91 Nguyễn Thị Minh Khai, Q.2, TP.HCM'),
('PROF_PAT_071', 'USR_PAT_071', 'Hồ Đức Khôi', '1976-12-16', 'MALE', '079100078881', '98 Lê Văn Sỹ, Q.4, TP.HCM'),
('PROF_PAT_072', 'USR_PAT_072', 'Ngô Thanh Hiền', '1976-01-17', 'FEMALE', '079100079992', '105 Cao Thắng, Q.6, TP.HCM'),
('PROF_PAT_073', 'USR_PAT_073', 'Dương Quang Nhật', '1976-02-18', 'MALE', '079100081103', '112 Ba Tháng Hai, Q.8, TP.HCM'),
('PROF_PAT_074', 'USR_PAT_074', 'Lý Kim Bích', '1977-03-19', 'FEMALE', '079100082214', '119 Phan Đình Phùng, Q.9, TP.HCM'),
('PROF_PAT_075', 'USR_PAT_075', 'Phan Tấn Anh', '1977-04-20', 'MALE', '079100083325', '126 Nguyễn Huệ, Q.11, TP.HCM'),
('PROF_PAT_076', 'USR_PAT_076', 'Mai Ánh Chi', '1977-05-21', 'FEMALE', '079100084436', '133 Lê Lợi, Q.1, TP.HCM'),
('PROF_PAT_077', 'USR_PAT_077', 'Tạ Xuân Cường', '1978-06-22', 'MALE', '079100085547', '140 Trần Hưng Đạo, Q.3, TP.HCM'),
('PROF_PAT_078', 'USR_PAT_078', 'Lưu Diệu Hà', '1978-07-23', 'FEMALE', '079100086658', '147 Pasteur, Q.5, TP.HCM'),
('PROF_PAT_079', 'USR_PAT_079', 'Hà Anh Đạt', '1978-08-24', 'MALE', '079100087769', '154 Hai Bà Trưng, Q.7, TP.HCM'),
('PROF_PAT_080', 'USR_PAT_080', 'Nguyễn Thị Hương', '1979-09-25', 'FEMALE', '079100088880', '161 Điện Biên Phủ, Q.10, TP.HCM'),
('PROF_PAT_081', 'USR_PAT_081', 'Trần Đức Hùng', '1979-10-26', 'MALE', '079100089991', '168 Cách Mạng Tháng 8, Q.Bình Thạnh, TP.HCM'),
('PROF_PAT_082', 'USR_PAT_082', 'Lê Thanh Linh', '1979-11-27', 'FEMALE', '079100091102', '175 Nguyễn Trãi, Q.Phú Nhuận, TP.HCM'),
('PROF_PAT_083', 'USR_PAT_083', 'Phạm Quang Long', '1979-12-28', 'MALE', '079100092213', '182 Võ Văn Tần, Q.Tân Bình, TP.HCM'),
('PROF_PAT_084', 'USR_PAT_084', 'Hoàng Kim Ngân', '1980-01-01', 'FEMALE', '079100093324', '189 Nam Kỳ Khởi Nghĩa, Q.Gò Vấp, TP.HCM'),
('PROF_PAT_085', 'USR_PAT_085', 'Huỳnh Tấn Nam', '1980-02-02', 'MALE', '079100094435', '196 Nguyễn Thị Minh Khai, Q.Tân Phú, TP.HCM'),
('PROF_PAT_086', 'USR_PAT_086', 'Vũ Ánh Phương', '1980-03-03', 'FEMALE', '079100095546', '3 Lê Văn Sỹ, Q.Bình Tân, TP.HCM'),
('PROF_PAT_087', 'USR_PAT_087', 'Võ Xuân Quân', '1981-04-04', 'MALE', '079100096657', '10 Cao Thắng, Q.Thủ Đức, TP.HCM'),
('PROF_PAT_088', 'USR_PAT_088', 'Đặng Diệu Thảo', '1981-05-05', 'FEMALE', '079100097768', '17 Ba Tháng Hai, Q.12, TP.HCM'),
('PROF_PAT_089', 'USR_PAT_089', 'Bùi Anh Tài', '1981-06-06', 'MALE', '079100098879', '24 Phan Đình Phùng, Q.2, TP.HCM'),
('PROF_PAT_090', 'USR_PAT_090', 'Đỗ Thị Trinh', '1982-07-07', 'FEMALE', '079100099990', '31 Nguyễn Huệ, Q.4, TP.HCM'),
('PROF_PAT_091', 'USR_PAT_091', 'Hồ Đức Toàn', '1982-08-08', 'MALE', '079100101101', '38 Lê Lợi, Q.6, TP.HCM'),
('PROF_PAT_092', 'USR_PAT_092', 'Ngô Thanh Vân', '1982-09-09', 'FEMALE', '079100102212', '45 Trần Hưng Đạo, Q.8, TP.HCM'),
('PROF_PAT_093', 'USR_PAT_093', 'Dương Quang Tuấn', '1982-10-10', 'MALE', '079100103323', '52 Pasteur, Q.9, TP.HCM'),
('PROF_PAT_094', 'USR_PAT_094', 'Lý Kim Yến', '1983-11-11', 'FEMALE', '079100104434', '59 Hai Bà Trưng, Q.11, TP.HCM'),
('PROF_PAT_095', 'USR_PAT_095', 'Phan Tấn Đức', '1983-12-12', 'MALE', '079100105545', '66 Điện Biên Phủ, Q.1, TP.HCM'),
('PROF_PAT_096', 'USR_PAT_096', 'Mai Ánh Giang', '1983-01-13', 'FEMALE', '079100106656', '73 Cách Mạng Tháng 8, Q.3, TP.HCM'),
('PROF_PAT_097', 'USR_PAT_097', 'Tạ Xuân Lâm', '1984-02-14', 'MALE', '079100107767', '80 Nguyễn Trãi, Q.5, TP.HCM'),
('PROF_PAT_098', 'USR_PAT_098', 'Lưu Diệu Thanh', '1984-03-15', 'FEMALE', '079100108878', '87 Võ Văn Tần, Q.7, TP.HCM'),
('PROF_PAT_099', 'USR_PAT_099', 'Hà Anh Phong', '1984-04-16', 'MALE', '079100109989', '94 Nam Kỳ Khởi Nghĩa, Q.10, TP.HCM'),
('PROF_PAT_100', 'USR_PAT_100', 'Nguyễn Thị An', '1985-05-17', 'FEMALE', '079100111100', '101 Nguyễn Thị Minh Khai, Q.Bình Thạnh, TP.HCM'),
('PROF_PAT_101', 'USR_PAT_101', 'Trần Đức Bảo', '1985-06-18', 'MALE', '079100112211', '108 Lê Văn Sỹ, Q.Phú Nhuận, TP.HCM'),
('PROF_PAT_102', 'USR_PAT_102', 'Lê Thanh Diệu', '1985-07-19', 'FEMALE', '079100113322', '115 Cao Thắng, Q.Tân Bình, TP.HCM'),
('PROF_PAT_103', 'USR_PAT_103', 'Phạm Quang Dũng', '1985-08-20', 'MALE', '079100114433', '122 Ba Tháng Hai, Q.Gò Vấp, TP.HCM'),
('PROF_PAT_104', 'USR_PAT_104', 'Hoàng Kim Hạnh', '1986-09-21', 'FEMALE', '079100115544', '129 Phan Đình Phùng, Q.Tân Phú, TP.HCM'),
('PROF_PAT_105', 'USR_PAT_105', 'Huỳnh Tấn Hải', '1986-10-22', 'MALE', '079100116655', '136 Nguyễn Huệ, Q.Bình Tân, TP.HCM'),
('PROF_PAT_106', 'USR_PAT_106', 'Vũ Ánh Lan', '1986-11-23', 'FEMALE', '079100117766', '143 Lê Lợi, Q.Thủ Đức, TP.HCM'),
('PROF_PAT_107', 'USR_PAT_107', 'Võ Xuân Khang', '1987-12-24', 'MALE', '079100118877', '150 Trần Hưng Đạo, Q.12, TP.HCM'),
('PROF_PAT_108', 'USR_PAT_108', 'Đặng Diệu Mai', '1987-01-25', 'FEMALE', '079100119988', '157 Pasteur, Q.2, TP.HCM'),
('PROF_PAT_109', 'USR_PAT_109', 'Bùi Anh Minh', '1987-02-26', 'MALE', '079100121099', '164 Hai Bà Trưng, Q.4, TP.HCM'),
('PROF_PAT_110', 'USR_PAT_110', 'Đỗ Thị Nhung', '1988-03-27', 'FEMALE', '079100122210', '171 Điện Biên Phủ, Q.6, TP.HCM'),
('PROF_PAT_111', 'USR_PAT_111', 'Hồ Đức Phúc', '1988-04-28', 'MALE', '079100123321', '178 Cách Mạng Tháng 8, Q.8, TP.HCM'),
('PROF_PAT_112', 'USR_PAT_112', 'Ngô Thanh Quỳnh', '1988-05-01', 'FEMALE', '079100124432', '185 Nguyễn Trãi, Q.9, TP.HCM'),
('PROF_PAT_113', 'USR_PAT_113', 'Dương Quang Sơn', '1988-06-02', 'MALE', '079100125543', '192 Võ Văn Tần, Q.11, TP.HCM'),
('PROF_PAT_114', 'USR_PAT_114', 'Lý Kim Trang', '1989-07-03', 'FEMALE', '079100126654', '199 Nam Kỳ Khởi Nghĩa, Q.1, TP.HCM'),
('PROF_PAT_115', 'USR_PAT_115', 'Phan Tấn Thắng', '1989-08-04', 'MALE', '079100127765', '6 Nguyễn Thị Minh Khai, Q.3, TP.HCM'),
('PROF_PAT_116', 'USR_PAT_116', 'Mai Ánh Uyên', '1989-09-05', 'FEMALE', '079100128876', '13 Lê Văn Sỹ, Q.5, TP.HCM'),
('PROF_PAT_117', 'USR_PAT_117', 'Tạ Xuân Trung', '1990-10-06', 'MALE', '079100129987', '20 Cao Thắng, Q.7, TP.HCM'),
('PROF_PAT_118', 'USR_PAT_118', 'Lưu Diệu Xuân', '1990-11-07', 'FEMALE', '079100131098', '27 Ba Tháng Hai, Q.10, TP.HCM'),
('PROF_PAT_119', 'USR_PAT_119', 'Hà Anh Vinh', '1990-12-08', 'MALE', '079100132209', '34 Phan Đình Phùng, Q.Bình Thạnh, TP.HCM'),
('PROF_PAT_120', 'USR_PAT_120', 'Nguyễn Thị Dung', '1991-01-09', 'FEMALE', '079100133320', '41 Nguyễn Huệ, Q.Phú Nhuận, TP.HCM'),
('PROF_PAT_121', 'USR_PAT_121', 'Trần Đức Khôi', '1991-02-10', 'MALE', '079100134431', '48 Lê Lợi, Q.Tân Bình, TP.HCM'),
('PROF_PAT_122', 'USR_PAT_122', 'Lê Thanh Hiền', '1991-03-11', 'FEMALE', '079100135542', '55 Trần Hưng Đạo, Q.Gò Vấp, TP.HCM'),
('PROF_PAT_123', 'USR_PAT_123', 'Phạm Quang Nhật', '1991-04-12', 'MALE', '079100136653', '62 Pasteur, Q.Tân Phú, TP.HCM'),
('PROF_PAT_124', 'USR_PAT_124', 'Hoàng Kim Bích', '1992-05-13', 'FEMALE', '079100137764', '69 Hai Bà Trưng, Q.Bình Tân, TP.HCM'),
('PROF_PAT_125', 'USR_PAT_125', 'Huỳnh Tấn Anh', '1992-06-14', 'MALE', '079100138875', '76 Điện Biên Phủ, Q.Thủ Đức, TP.HCM'),
('PROF_PAT_126', 'USR_PAT_126', 'Vũ Ánh Chi', '1992-07-15', 'FEMALE', '079100139986', '83 Cách Mạng Tháng 8, Q.12, TP.HCM'),
('PROF_PAT_127', 'USR_PAT_127', 'Võ Xuân Cường', '1993-08-16', 'MALE', '079100141097', '90 Nguyễn Trãi, Q.2, TP.HCM'),
('PROF_PAT_128', 'USR_PAT_128', 'Đặng Diệu Hà', '1993-09-17', 'FEMALE', '079100142208', '97 Võ Văn Tần, Q.4, TP.HCM'),
('PROF_PAT_129', 'USR_PAT_129', 'Bùi Anh Đạt', '1993-10-18', 'MALE', '079100143319', '104 Nam Kỳ Khởi Nghĩa, Q.6, TP.HCM'),
('PROF_PAT_130', 'USR_PAT_130', 'Đỗ Thị Hương', '1994-11-19', 'FEMALE', '079100144430', '111 Nguyễn Thị Minh Khai, Q.8, TP.HCM'),
('PROF_PAT_131', 'USR_PAT_131', 'Hồ Đức Hùng', '1994-12-20', 'MALE', '079100145541', '118 Lê Văn Sỹ, Q.9, TP.HCM'),
('PROF_PAT_132', 'USR_PAT_132', 'Ngô Thanh Linh', '1994-01-21', 'FEMALE', '079100146652', '125 Cao Thắng, Q.11, TP.HCM'),
('PROF_PAT_133', 'USR_PAT_133', 'Dương Quang Long', '1994-02-22', 'MALE', '079100147763', '132 Ba Tháng Hai, Q.1, TP.HCM'),
('PROF_PAT_134', 'USR_PAT_134', 'Lý Kim Ngân', '1995-03-23', 'FEMALE', '079100148874', '139 Phan Đình Phùng, Q.3, TP.HCM'),
('PROF_PAT_135', 'USR_PAT_135', 'Phan Tấn Nam', '1995-04-24', 'MALE', '079100149985', '146 Nguyễn Huệ, Q.5, TP.HCM'),
('PROF_PAT_136', 'USR_PAT_136', 'Mai Ánh Phương', '1995-05-25', 'FEMALE', '079100151096', '153 Lê Lợi, Q.7, TP.HCM'),
('PROF_PAT_137', 'USR_PAT_137', 'Tạ Xuân Quân', '1996-06-26', 'MALE', '079100152207', '160 Trần Hưng Đạo, Q.10, TP.HCM'),
('PROF_PAT_138', 'USR_PAT_138', 'Lưu Diệu Thảo', '1996-07-27', 'FEMALE', '079100153318', '167 Pasteur, Q.Bình Thạnh, TP.HCM'),
('PROF_PAT_139', 'USR_PAT_139', 'Hà Anh Tài', '1996-08-28', 'MALE', '079100154429', '174 Hai Bà Trưng, Q.Phú Nhuận, TP.HCM'),
('PROF_PAT_140', 'USR_PAT_140', 'Nguyễn Thị Trinh', '1997-09-01', 'FEMALE', '079100155540', '181 Điện Biên Phủ, Q.Tân Bình, TP.HCM'),
('PROF_PAT_141', 'USR_PAT_141', 'Trần Đức Toàn', '1997-10-02', 'MALE', '079100156651', '188 Cách Mạng Tháng 8, Q.Gò Vấp, TP.HCM'),
('PROF_PAT_142', 'USR_PAT_142', 'Lê Thanh Vân', '1997-11-03', 'FEMALE', '079100157762', '195 Nguyễn Trãi, Q.Tân Phú, TP.HCM'),
('PROF_PAT_143', 'USR_PAT_143', 'Phạm Quang Tuấn', '1997-12-04', 'MALE', '079100158873', '2 Võ Văn Tần, Q.Bình Tân, TP.HCM'),
('PROF_PAT_144', 'USR_PAT_144', 'Hoàng Kim Yến', '1998-01-05', 'FEMALE', '079100159984', '9 Nam Kỳ Khởi Nghĩa, Q.Thủ Đức, TP.HCM'),
('PROF_PAT_145', 'USR_PAT_145', 'Huỳnh Tấn Đức', '1998-02-06', 'MALE', '079100161095', '16 Nguyễn Thị Minh Khai, Q.12, TP.HCM'),
('PROF_PAT_146', 'USR_PAT_146', 'Vũ Ánh Giang', '1998-03-07', 'FEMALE', '079100162206', '23 Lê Văn Sỹ, Q.2, TP.HCM'),
('PROF_PAT_147', 'USR_PAT_147', 'Võ Xuân Lâm', '1999-04-08', 'MALE', '079100163317', '30 Cao Thắng, Q.4, TP.HCM'),
('PROF_PAT_148', 'USR_PAT_148', 'Đặng Diệu Thanh', '1999-05-09', 'FEMALE', '079100164428', '37 Ba Tháng Hai, Q.6, TP.HCM'),
('PROF_PAT_149', 'USR_PAT_149', 'Bùi Anh Phong', '1999-06-10', 'MALE', '079100165539', '44 Phan Đình Phùng, Q.8, TP.HCM'),
('PROF_PAT_150', 'USR_PAT_150', 'Đỗ Thị An', '2000-07-11', 'FEMALE', '079100166650', '51 Nguyễn Huệ, Q.9, TP.HCM');

INSERT INTO user_roles (user_id, role_id) VALUES
('USR_PAT_001', 'ROLE_PATIENT'),
('USR_PAT_002', 'ROLE_PATIENT'),
('USR_PAT_003', 'ROLE_PATIENT'),
('USR_PAT_004', 'ROLE_PATIENT'),
('USR_PAT_005', 'ROLE_PATIENT'),
('USR_PAT_006', 'ROLE_PATIENT'),
('USR_PAT_007', 'ROLE_PATIENT'),
('USR_PAT_008', 'ROLE_PATIENT'),
('USR_PAT_009', 'ROLE_PATIENT'),
('USR_PAT_010', 'ROLE_PATIENT'),
('USR_PAT_011', 'ROLE_PATIENT'),
('USR_PAT_012', 'ROLE_PATIENT'),
('USR_PAT_013', 'ROLE_PATIENT'),
('USR_PAT_014', 'ROLE_PATIENT'),
('USR_PAT_015', 'ROLE_PATIENT'),
('USR_PAT_016', 'ROLE_PATIENT'),
('USR_PAT_017', 'ROLE_PATIENT'),
('USR_PAT_018', 'ROLE_PATIENT'),
('USR_PAT_019', 'ROLE_PATIENT'),
('USR_PAT_020', 'ROLE_PATIENT'),
('USR_PAT_021', 'ROLE_PATIENT'),
('USR_PAT_022', 'ROLE_PATIENT'),
('USR_PAT_023', 'ROLE_PATIENT'),
('USR_PAT_024', 'ROLE_PATIENT'),
('USR_PAT_025', 'ROLE_PATIENT'),
('USR_PAT_026', 'ROLE_PATIENT'),
('USR_PAT_027', 'ROLE_PATIENT'),
('USR_PAT_028', 'ROLE_PATIENT'),
('USR_PAT_029', 'ROLE_PATIENT'),
('USR_PAT_030', 'ROLE_PATIENT'),
('USR_PAT_031', 'ROLE_PATIENT'),
('USR_PAT_032', 'ROLE_PATIENT'),
('USR_PAT_033', 'ROLE_PATIENT'),
('USR_PAT_034', 'ROLE_PATIENT'),
('USR_PAT_035', 'ROLE_PATIENT'),
('USR_PAT_036', 'ROLE_PATIENT'),
('USR_PAT_037', 'ROLE_PATIENT'),
('USR_PAT_038', 'ROLE_PATIENT'),
('USR_PAT_039', 'ROLE_PATIENT'),
('USR_PAT_040', 'ROLE_PATIENT'),
('USR_PAT_041', 'ROLE_PATIENT'),
('USR_PAT_042', 'ROLE_PATIENT'),
('USR_PAT_043', 'ROLE_PATIENT'),
('USR_PAT_044', 'ROLE_PATIENT'),
('USR_PAT_045', 'ROLE_PATIENT'),
('USR_PAT_046', 'ROLE_PATIENT'),
('USR_PAT_047', 'ROLE_PATIENT'),
('USR_PAT_048', 'ROLE_PATIENT'),
('USR_PAT_049', 'ROLE_PATIENT'),
('USR_PAT_050', 'ROLE_PATIENT'),
('USR_PAT_051', 'ROLE_PATIENT'),
('USR_PAT_052', 'ROLE_PATIENT'),
('USR_PAT_053', 'ROLE_PATIENT'),
('USR_PAT_054', 'ROLE_PATIENT'),
('USR_PAT_055', 'ROLE_PATIENT'),
('USR_PAT_056', 'ROLE_PATIENT'),
('USR_PAT_057', 'ROLE_PATIENT'),
('USR_PAT_058', 'ROLE_PATIENT'),
('USR_PAT_059', 'ROLE_PATIENT'),
('USR_PAT_060', 'ROLE_PATIENT'),
('USR_PAT_061', 'ROLE_PATIENT'),
('USR_PAT_062', 'ROLE_PATIENT'),
('USR_PAT_063', 'ROLE_PATIENT'),
('USR_PAT_064', 'ROLE_PATIENT'),
('USR_PAT_065', 'ROLE_PATIENT'),
('USR_PAT_066', 'ROLE_PATIENT'),
('USR_PAT_067', 'ROLE_PATIENT'),
('USR_PAT_068', 'ROLE_PATIENT'),
('USR_PAT_069', 'ROLE_PATIENT'),
('USR_PAT_070', 'ROLE_PATIENT'),
('USR_PAT_071', 'ROLE_PATIENT'),
('USR_PAT_072', 'ROLE_PATIENT'),
('USR_PAT_073', 'ROLE_PATIENT'),
('USR_PAT_074', 'ROLE_PATIENT'),
('USR_PAT_075', 'ROLE_PATIENT'),
('USR_PAT_076', 'ROLE_PATIENT'),
('USR_PAT_077', 'ROLE_PATIENT'),
('USR_PAT_078', 'ROLE_PATIENT'),
('USR_PAT_079', 'ROLE_PATIENT'),
('USR_PAT_080', 'ROLE_PATIENT'),
('USR_PAT_081', 'ROLE_PATIENT'),
('USR_PAT_082', 'ROLE_PATIENT'),
('USR_PAT_083', 'ROLE_PATIENT'),
('USR_PAT_084', 'ROLE_PATIENT'),
('USR_PAT_085', 'ROLE_PATIENT'),
('USR_PAT_086', 'ROLE_PATIENT'),
('USR_PAT_087', 'ROLE_PATIENT'),
('USR_PAT_088', 'ROLE_PATIENT'),
('USR_PAT_089', 'ROLE_PATIENT'),
('USR_PAT_090', 'ROLE_PATIENT'),
('USR_PAT_091', 'ROLE_PATIENT'),
('USR_PAT_092', 'ROLE_PATIENT'),
('USR_PAT_093', 'ROLE_PATIENT'),
('USR_PAT_094', 'ROLE_PATIENT'),
('USR_PAT_095', 'ROLE_PATIENT'),
('USR_PAT_096', 'ROLE_PATIENT'),
('USR_PAT_097', 'ROLE_PATIENT'),
('USR_PAT_098', 'ROLE_PATIENT'),
('USR_PAT_099', 'ROLE_PATIENT'),
('USR_PAT_100', 'ROLE_PATIENT'),
('USR_PAT_101', 'ROLE_PATIENT'),
('USR_PAT_102', 'ROLE_PATIENT'),
('USR_PAT_103', 'ROLE_PATIENT'),
('USR_PAT_104', 'ROLE_PATIENT'),
('USR_PAT_105', 'ROLE_PATIENT'),
('USR_PAT_106', 'ROLE_PATIENT'),
('USR_PAT_107', 'ROLE_PATIENT'),
('USR_PAT_108', 'ROLE_PATIENT'),
('USR_PAT_109', 'ROLE_PATIENT'),
('USR_PAT_110', 'ROLE_PATIENT'),
('USR_PAT_111', 'ROLE_PATIENT'),
('USR_PAT_112', 'ROLE_PATIENT'),
('USR_PAT_113', 'ROLE_PATIENT'),
('USR_PAT_114', 'ROLE_PATIENT'),
('USR_PAT_115', 'ROLE_PATIENT'),
('USR_PAT_116', 'ROLE_PATIENT'),
('USR_PAT_117', 'ROLE_PATIENT'),
('USR_PAT_118', 'ROLE_PATIENT'),
('USR_PAT_119', 'ROLE_PATIENT'),
('USR_PAT_120', 'ROLE_PATIENT'),
('USR_PAT_121', 'ROLE_PATIENT'),
('USR_PAT_122', 'ROLE_PATIENT'),
('USR_PAT_123', 'ROLE_PATIENT'),
('USR_PAT_124', 'ROLE_PATIENT'),
('USR_PAT_125', 'ROLE_PATIENT'),
('USR_PAT_126', 'ROLE_PATIENT'),
('USR_PAT_127', 'ROLE_PATIENT'),
('USR_PAT_128', 'ROLE_PATIENT'),
('USR_PAT_129', 'ROLE_PATIENT'),
('USR_PAT_130', 'ROLE_PATIENT'),
('USR_PAT_131', 'ROLE_PATIENT'),
('USR_PAT_132', 'ROLE_PATIENT'),
('USR_PAT_133', 'ROLE_PATIENT'),
('USR_PAT_134', 'ROLE_PATIENT'),
('USR_PAT_135', 'ROLE_PATIENT'),
('USR_PAT_136', 'ROLE_PATIENT'),
('USR_PAT_137', 'ROLE_PATIENT'),
('USR_PAT_138', 'ROLE_PATIENT'),
('USR_PAT_139', 'ROLE_PATIENT'),
('USR_PAT_140', 'ROLE_PATIENT'),
('USR_PAT_141', 'ROLE_PATIENT'),
('USR_PAT_142', 'ROLE_PATIENT'),
('USR_PAT_143', 'ROLE_PATIENT'),
('USR_PAT_144', 'ROLE_PATIENT'),
('USR_PAT_145', 'ROLE_PATIENT'),
('USR_PAT_146', 'ROLE_PATIENT'),
('USR_PAT_147', 'ROLE_PATIENT'),
('USR_PAT_148', 'ROLE_PATIENT'),
('USR_PAT_149', 'ROLE_PATIENT'),
('USR_PAT_150', 'ROLE_PATIENT');

COMMIT;

-- TONG: 150 benh nhan, 150 profiles, 150 role assignments
