-- =====================================================================
-- SEED DATA: MODULE 6 - DỊCH VỤ Y TẾ (MEDICAL SERVICES)
-- =====================================================================
-- Thứ tự chạy: SAU 01, 01b, 02, 03, 04, 05
-- Bao gồm: service_categories, services, facility_services,
--           specialty_services, doctor_services
-- =====================================================================

BEGIN;

-- *********************************************************************
-- 1. NHÓM DỊCH VỤ (SERVICE CATEGORIES) - 8 nhóm
-- *********************************************************************
INSERT INTO service_categories (service_categories_id, code, name, description) VALUES
('SCAT_KHAM', 'KHAM', 'Khám bệnh', 'Dịch vụ khám bệnh tổng quát và chuyên khoa'),
('SCAT_XN', 'XET_NGHIEM', 'Xét nghiệm', 'Các xét nghiệm máu, nước tiểu, vi sinh, miễn dịch'),
('SCAT_CDHA', 'CDHA', 'Chẩn đoán hình ảnh', 'X-quang, siêu âm, CT, MRI'),
('SCAT_THUTHUAT', 'THU_THUAT', 'Thủ thuật', 'Các thủ thuật ngoại trú và tiểu phẫu'),
('SCAT_PHAUTHU', 'PHAU_THUAT', 'Phẫu thuật', 'Các ca phẫu thuật lớn, nhỏ'),
('SCAT_NOITRU', 'NOI_TRU', 'Nội trú', 'Dịch vụ điều trị nội trú, giường bệnh'),
('SCAT_SANKHOA', 'SAN_KHOA', 'Sản khoa', 'Dịch vụ thai sản, đỡ đẻ, chăm sóc trước/sau sinh'),
('SCAT_PHCN', 'PHCN', 'Phục hồi chức năng', 'Vật lý trị liệu, phục hồi chức năng');

-- *********************************************************************
-- 2. DANH MỤC DỊCH VỤ CHUẨN (SERVICES) - 60 dịch vụ
-- service_group: KHAM, XN, CDHA, THUTHUAT, PHAUTHU, NOITRU, SANKHOA, PHCN
-- service_type: CLINICAL, LABORATORY, RADIOLOGY, PROCEDURE, SURGERY, INPATIENT
-- *********************************************************************
INSERT INTO services (services_id, code, name, service_group, service_type, insurance_code, description, is_active) VALUES
('SVC_KB_01', 'KB-TQ', 'Khám tổng quát', 'KHAM', 'CLINICAL', '01.0010', 'Khám bệnh tổng quát cho người lớn, bao gồm đo sinh hiệu, khám lâm sàng cơ bản', TRUE),
('SVC_KB_02', 'KB-NOI', 'Khám nội khoa', 'KHAM', 'CLINICAL', '01.0020', 'Khám chuyên khoa nội: Tim mạch, Tiêu hóa, Hô hấp, Nội tiết', TRUE),
('SVC_KB_03', 'KB-NGOAI', 'Khám ngoại khoa', 'KHAM', 'CLINICAL', '01.0030', 'Khám chuyên khoa ngoại: Tổng quát, Chấn thương chỉnh hình', TRUE),
('SVC_KB_04', 'KB-SAN', 'Khám sản phụ khoa', 'KHAM', 'CLINICAL', '01.0040', 'Khám thai, khám phụ khoa, tầm soát ung thư cổ tử cung', TRUE),
('SVC_KB_05', 'KB-NHI', 'Khám nhi khoa', 'KHAM', 'CLINICAL', '01.0050', 'Khám bệnh cho trẻ em từ sơ sinh đến 16 tuổi', TRUE),
('SVC_KB_06', 'KB-CAPCUU', 'Khám cấp cứu', 'KHAM', 'CLINICAL', '01.0060', 'Khám và xử trí cấp cứu ban đầu', TRUE),
('SVC_KB_07', 'KB-TAIKH', 'Khám tái khám', 'KHAM', 'CLINICAL', '01.0070', 'Tái khám theo lịch hẹn bác sĩ', TRUE),
('SVC_KB_08', 'KB-SKTQ', 'Khám sức khỏe tổng quát (Gói)', 'KHAM', 'CLINICAL', '01.0080', 'Gói khám sức khỏe định kỳ bao gồm khám lâm sàng + xét nghiệm cơ bản + X-quang', TRUE),
('SVC_XN_01', 'XN-CTM', 'Xét nghiệm công thức máu (CBC)', 'XN', 'LABORATORY', '02.0010', 'Đếm tế bào máu toàn phần: Hồng cầu, Bạch cầu, Tiểu cầu, Hemoglobin', TRUE),
('SVC_XN_02', 'XN-SINHH', 'Xét nghiệm sinh hóa máu 18 chỉ số', 'XN', 'LABORATORY', '02.0020', 'Glucose, Ure, Creatinin, GOT, GPT, Cholesterol, Triglyceride, Acid Uric...', TRUE),
('SVC_XN_03', 'XN-NUOC', 'Xét nghiệm tổng phân tích nước tiểu', 'XN', 'LABORATORY', '02.0030', '10 thông số nước tiểu bằng máy tự động', TRUE),
('SVC_XN_04', 'XN-DONG', 'Xét nghiệm đông máu cơ bản', 'XN', 'LABORATORY', '02.0040', 'PT, APTT, Fibrinogen, INR', TRUE),
('SVC_XN_05', 'XN-DUONG', 'Xét nghiệm đường huyết (Glucose)', 'XN', 'LABORATORY', '02.0050', 'Định lượng Glucose máu lúc đói', TRUE),
('SVC_XN_06', 'XN-HBA1C', 'Xét nghiệm HbA1c', 'XN', 'LABORATORY', '02.0060', 'Đánh giá kiểm soát đường huyết 3 tháng gần nhất', TRUE),
('SVC_XN_07', 'XN-LIPID', 'Xét nghiệm bộ mỡ máu (Lipid)', 'XN', 'LABORATORY', '02.0070', 'Cholesterol TP, HDL-C, LDL-C, Triglyceride', TRUE),
('SVC_XN_08', 'XN-CHUCN', 'Xét nghiệm chức năng gan', 'XN', 'LABORATORY', '02.0080', 'GOT, GPT, GGT, Bilirubin TP/TT, Albumin, Protein TP', TRUE),
('SVC_XN_09', 'XN-THAN', 'Xét nghiệm chức năng thận', 'XN', 'LABORATORY', '02.0090', 'Ure, Creatinin, eGFR, Acid Uric, Điện giải đồ', TRUE),
('SVC_XN_10', 'XN-TUYENG', 'Xét nghiệm chức năng tuyến giáp', 'XN', 'LABORATORY', '02.0100', 'TSH, FT3, FT4', TRUE),
('SVC_XN_11', 'XN-VGSB', 'Xét nghiệm viêm gan B (HBsAg)', 'XN', 'LABORATORY', '02.0110', 'Tầm soát viêm gan siêu vi B', TRUE),
('SVC_XN_12', 'XN-HIV', 'Xét nghiệm HIV (nhanh)', 'XN', 'LABORATORY', '02.0120', 'Xét nghiệm sàng lọc HIV bằng test nhanh', TRUE),
('SVC_XN_13', 'XN-PSA', 'Xét nghiệm PSA (tầm soát tiền liệt tuyến)', 'XN', 'LABORATORY', '02.0130', 'Định lượng PSA toàn phần trong máu', TRUE),
('SVC_XN_14', 'XN-PAPSMEAR', 'Xét nghiệm Pap smear', 'XN', 'LABORATORY', '02.0140', 'Tầm soát ung thư cổ tử cung', TRUE),
('SVC_XN_15', 'XN-COVID', 'Xét nghiệm RT-PCR SARS-CoV-2', 'XN', 'LABORATORY', '02.0150', 'Xét nghiệm PCR phát hiện virus SARS-CoV-2', TRUE),
('SVC_CDHA_01', 'CDHA-XQUANG-NGUC', 'X-quang ngực thẳng', 'CDHA', 'RADIOLOGY', '03.0010', 'Chụp X-quang lồng ngực thẳng, phát hiện bệnh lý phổi, tim', TRUE),
('SVC_CDHA_02', 'CDHA-XQUANG-XUONG', 'X-quang xương khớp', 'CDHA', 'RADIOLOGY', '03.0020', 'Chụp X-quang các vị trí xương khớp theo chỉ định', TRUE),
('SVC_CDHA_03', 'CDHA-SA-BUNG', 'Siêu âm bụng tổng quát', 'CDHA', 'RADIOLOGY', '03.0030', 'Siêu âm ổ bụng: Gan, Mật, Tụy, Lách, Thận', TRUE),
('SVC_CDHA_04', 'CDHA-SA-THAI', 'Siêu âm thai (2D)', 'CDHA', 'RADIOLOGY', '03.0040', 'Siêu âm theo dõi thai kỳ 2D', TRUE),
('SVC_CDHA_05', 'CDHA-SA-4D', 'Siêu âm thai 4D', 'CDHA', 'RADIOLOGY', '03.0050', 'Siêu âm thai 4D đánh giá hình thái thai nhi', TRUE),
('SVC_CDHA_06', 'CDHA-SA-TIM', 'Siêu âm tim', 'CDHA', 'RADIOLOGY', '03.0060', 'Siêu âm Doppler tim đánh giá chức năng tim', TRUE),
('SVC_CDHA_07', 'CDHA-SA-TUYEN', 'Siêu âm tuyến giáp', 'CDHA', 'RADIOLOGY', '03.0070', 'Siêu âm tuyến giáp phát hiện nốt, u', TRUE),
('SVC_CDHA_08', 'CDHA-CT-SO', 'CT Scanner sọ não', 'CDHA', 'RADIOLOGY', '03.0080', 'Chụp cắt lớp vi tính sọ não không cản quang', TRUE),
('SVC_CDHA_09', 'CDHA-CT-BUNG', 'CT Scanner bụng', 'CDHA', 'RADIOLOGY', '03.0090', 'Chụp cắt lớp vi tính ổ bụng có/không cản quang', TRUE),
('SVC_CDHA_10', 'CDHA-MRI-SO', 'MRI sọ não', 'CDHA', 'RADIOLOGY', '03.0100', 'Chụp cộng hưởng từ sọ não', TRUE),
('SVC_TT_01', 'TT-KHAUVET', 'Khâu vết thương', 'THUTHUAT', 'PROCEDURE', '04.0010', 'Khâu vết thương phần mềm dưới 10cm', TRUE),
('SVC_TT_02', 'TT-CATCHI', 'Cắt chỉ', 'THUTHUAT', 'PROCEDURE', '04.0020', 'Cắt chỉ vết khâu', TRUE),
('SVC_TT_03', 'TT-BOBOT', 'Bó bột chi', 'THUTHUAT', 'PROCEDURE', '04.0030', 'Bó bột cố định gãy xương chi trên/chi dưới', TRUE),
('SVC_TT_04', 'TT-THAYBANG', 'Thay băng vết thương', 'THUTHUAT', 'PROCEDURE', '04.0040', 'Thay băng, rửa vết thương hàng ngày', TRUE),
('SVC_TT_05', 'TT-TIEMKHOP', 'Tiêm khớp', 'THUTHUAT', 'PROCEDURE', '04.0050', 'Tiêm Corticoid nội khớp điều trị viêm khớp', TRUE),
('SVC_TT_06', 'TT-DATHONG', 'Đặt thông tiểu', 'THUTHUAT', 'PROCEDURE', '04.0060', 'Đặt ống thông niệu đạo - bàng quang', TRUE),
('SVC_TT_07', 'TT-NOISINH', 'Nội soi dạ dày', 'THUTHUAT', 'PROCEDURE', '04.0070', 'Nội soi thực quản - dạ dày - tá tràng', TRUE),
('SVC_TT_08', 'TT-SINHTHIET', 'Sinh thiết', 'THUTHUAT', 'PROCEDURE', '04.0080', 'Sinh thiết mô bệnh phẩm dưới hướng dẫn siêu âm', TRUE),
('SVC_PT_01', 'PT-RUOTTHUA', 'Phẫu thuật cắt ruột thừa', 'PHAUTHU', 'SURGERY', '05.0010', 'Cắt ruột thừa nội soi/mổ mở', TRUE),
('SVC_PT_02', 'PT-MOMAT', 'Phẫu thuật cắt túi mật', 'PHAUTHU', 'SURGERY', '05.0020', 'Cắt túi mật nội soi', TRUE),
('SVC_PT_03', 'PT-THOVIBI', 'Phẫu thuật thoát vị bẹn', 'PHAUTHU', 'SURGERY', '05.0030', 'Phẫu thuật sửa chữa thoát vị bẹn', TRUE),
('SVC_PT_04', 'PT-CATAM', 'Phẫu thuật cắt Amidan', 'PHAUTHU', 'SURGERY', '05.0040', 'Cắt Amidan bằng dao điện/Coblator', TRUE),
('SVC_PT_05', 'PT-MOLUONG', 'Phẫu thuật mổ lấy thai (C-section)', 'PHAUTHU', 'SURGERY', '05.0050', 'Mổ lấy thai theo chỉ định', TRUE),
('SVC_SK_01', 'SK-KHAMTHAI', 'Khám thai định kỳ', 'SANKHOA', 'CLINICAL', '06.0010', 'Khám thai định kỳ theo phác đồ, đo tim thai, đo vòng bụng', TRUE),
('SVC_SK_02', 'SK-DOUBLETEST', 'Double test (Sàng lọc trước sinh)', 'SANKHOA', 'CLINICAL', '06.0020', 'Xét nghiệm sàng lọc dị tật thai nhi quý 1 (PAPP-A, Free beta-hCG)', TRUE),
('SVC_SK_03', 'SK-TRIPLETEST', 'Triple test', 'SANKHOA', 'CLINICAL', '06.0030', 'Xét nghiệm sàng lọc dị tật thai nhi quý 2 (AFP, hCG, uE3)', TRUE),
('SVC_SK_04', 'SK-DESTTHUONG', 'Đẻ thường', 'SANKHOA', 'CLINICAL', '06.0040', 'Đỡ đẻ thường ngôi đầu', TRUE),
('SVC_SK_05', 'SK-HAUSEN', 'Chăm sóc hậu sản', 'SANKHOA', 'CLINICAL', '06.0050', 'Chăm sóc sản phụ sau sinh, tư vấn nuôi con bằng sữa mẹ', TRUE),
('SVC_SK_06', 'SK-TIEMCHUNG', 'Tiêm chủng trẻ sơ sinh', 'SANKHOA', 'CLINICAL', '06.0060', 'Tiêm vắc-xin viêm gan B, BCG cho trẻ sơ sinh', TRUE),
('SVC_NT_01', 'NT-GIUONG-TH', 'Giường nội trú thường', 'NOITRU', 'INPATIENT', '07.0010', 'Phí giường bệnh nội trú phòng thường (4-6 giường/phòng)', TRUE),
('SVC_NT_02', 'NT-GIUONG-DV', 'Giường nội trú dịch vụ', 'NOITRU', 'INPATIENT', '07.0020', 'Phí giường bệnh nội trú phòng dịch vụ (2 giường/phòng, có TV, tủ lạnh)', TRUE),
('SVC_NT_03', 'NT-GIUONG-VIP', 'Giường VIP', 'NOITRU', 'INPATIENT', '07.0030', 'Phí giường bệnh VIP (1 giường/phòng, tiện nghi đầy đủ)', TRUE),
('SVC_NT_04', 'NT-GIUONG-ICU', 'Giường Hồi sức tích cực', 'NOITRU', 'INPATIENT', '07.0040', 'Phí giường ICU có monitor, máy thở', TRUE),
('SVC_NT_05', 'NT-AN-BN', 'Suất ăn bệnh nhân', 'NOITRU', 'INPATIENT', '07.0050', 'Suất ăn bệnh nhân nội trú (3 bữa/ngày)', TRUE),
('SVC_PHCN_01', 'PHCN-VLTR', 'Vật lý trị liệu', 'PHCN', 'PROCEDURE', '08.0010', 'Điều trị bằng vật lý trị liệu (điện, nhiệt, sóng ngắn)', TRUE),
('SVC_PHCN_02', 'PHCN-XOADAU', 'Xoa bóp bấm huyệt', 'PHCN', 'PROCEDURE', '08.0020', 'Xoa bóp bấm huyệt điều trị đau cơ xương khớp', TRUE),
('SVC_PHCN_03', 'PHCN-TAPDV', 'Tập vận động phục hồi', 'PHCN', 'PROCEDURE', '08.0030', 'Tập vận động trị liệu sau phẫu thuật / tai biến', TRUE),
('SVC_PHCN_04', 'PHCN-CHAMCUU', 'Châm cứu', 'PHCN', 'PROCEDURE', '08.0040', 'Châm cứu điều trị đau, liệt dây thần kinh', TRUE),
('SVC_PHCN_05', 'PHCN-KEOGIDN', 'Kéo giãn cột sống', 'PHCN', 'PROCEDURE', '08.0050', 'Kéo giãn cột sống cổ/thắt lưng điều trị thoát vị đĩa đệm', TRUE);

-- *********************************************************************
-- 3. DỊCH VỤ TẠI CƠ SỞ (FACILITY SERVICES) - Bảng giá E-Health
-- Giá tham khảo theo khung giá BV tư nhân TP.HCM (VNĐ)
-- *********************************************************************
INSERT INTO facility_services (facility_services_id, facility_id, service_id, department_id, base_price, insurance_price, vip_price, estimated_duration_minutes, is_active) VALUES
('FS_KB_01', 'FAC_EHEALTH', 'SVC_KB_01', 'DEPT_KB', 200000.00, 100000.00, 350000.00, 15, TRUE),
('FS_KB_02', 'FAC_EHEALTH', 'SVC_KB_02', 'DEPT_NOI', 250000.00, 120000.00, 400000.00, 20, TRUE),
('FS_KB_03', 'FAC_EHEALTH', 'SVC_KB_03', 'DEPT_NGOAI', 250000.00, 120000.00, 400000.00, 20, TRUE),
('FS_KB_04', 'FAC_EHEALTH', 'SVC_KB_04', 'DEPT_SAN', 300000.00, 150000.00, 450000.00, 25, TRUE),
('FS_KB_05', 'FAC_EHEALTH', 'SVC_KB_05', 'DEPT_NHI', 250000.00, 120000.00, 400000.00, 20, TRUE),
('FS_KB_06', 'FAC_EHEALTH', 'SVC_KB_06', 'DEPT_CC', 500000.00, 200000.00, 700000.00, 30, TRUE),
('FS_KB_07', 'FAC_EHEALTH', 'SVC_KB_07', 'DEPT_KB', 150000.00, 80000.00, 250000.00, 10, TRUE),
('FS_KB_08', 'FAC_EHEALTH', 'SVC_KB_08', 'DEPT_KB', 1500000.00, 500000.00, 2200000.00, 60, TRUE),
('FS_XN_01', 'FAC_EHEALTH', 'SVC_XN_01', 'DEPT_XN', 120000.00, 60000.00, 180000.00, 15, TRUE),
('FS_XN_02', 'FAC_EHEALTH', 'SVC_XN_02', 'DEPT_XN', 350000.00, 150000.00, 500000.00, 20, TRUE),
('FS_XN_03', 'FAC_EHEALTH', 'SVC_XN_03', 'DEPT_XN', 80000.00, 40000.00, 120000.00, 10, TRUE),
('FS_XN_04', 'FAC_EHEALTH', 'SVC_XN_04', 'DEPT_XN', 200000.00, 100000.00, 300000.00, 15, TRUE),
('FS_XN_05', 'FAC_EHEALTH', 'SVC_XN_05', 'DEPT_XN', 50000.00, 25000.00, 80000.00, 5, TRUE),
('FS_XN_06', 'FAC_EHEALTH', 'SVC_XN_06', 'DEPT_XN', 180000.00, 90000.00, 250000.00, 15, TRUE),
('FS_XN_07', 'FAC_EHEALTH', 'SVC_XN_07', 'DEPT_XN', 150000.00, 75000.00, 220000.00, 15, TRUE),
('FS_XN_08', 'FAC_EHEALTH', 'SVC_XN_08', 'DEPT_XN', 250000.00, 120000.00, 350000.00, 15, TRUE),
('FS_XN_09', 'FAC_EHEALTH', 'SVC_XN_09', 'DEPT_XN', 200000.00, 100000.00, 300000.00, 15, TRUE),
('FS_XN_10', 'FAC_EHEALTH', 'SVC_XN_10', 'DEPT_XN', 350000.00, 150000.00, 500000.00, 20, TRUE),
('FS_XN_11', 'FAC_EHEALTH', 'SVC_XN_11', 'DEPT_XN', 100000.00, 50000.00, 150000.00, 10, TRUE),
('FS_XN_12', 'FAC_EHEALTH', 'SVC_XN_12', 'DEPT_XN', 150000.00, 70000.00, 200000.00, 10, TRUE),
('FS_XN_13', 'FAC_EHEALTH', 'SVC_XN_13', 'DEPT_XN', 250000.00, 120000.00, 350000.00, 15, TRUE),
('FS_XN_14', 'FAC_EHEALTH', 'SVC_XN_14', 'DEPT_XN', 200000.00, 100000.00, 300000.00, 15, TRUE),
('FS_XN_15', 'FAC_EHEALTH', 'SVC_XN_15', 'DEPT_XN', 500000.00, 250000.00, 700000.00, 30, TRUE),
('FS_CDHA_01', 'FAC_EHEALTH', 'SVC_CDHA_01', 'DEPT_CDHA', 150000.00, 80000.00, 220000.00, 10, TRUE),
('FS_CDHA_02', 'FAC_EHEALTH', 'SVC_CDHA_02', 'DEPT_CDHA', 180000.00, 90000.00, 250000.00, 10, TRUE),
('FS_CDHA_03', 'FAC_EHEALTH', 'SVC_CDHA_03', 'DEPT_CDHA', 250000.00, 120000.00, 380000.00, 20, TRUE),
('FS_CDHA_04', 'FAC_EHEALTH', 'SVC_CDHA_04', 'DEPT_CDHA', 200000.00, 100000.00, 300000.00, 15, TRUE),
('FS_CDHA_05', 'FAC_EHEALTH', 'SVC_CDHA_05', 'DEPT_CDHA', 500000.00, 200000.00, 700000.00, 20, TRUE),
('FS_CDHA_06', 'FAC_EHEALTH', 'SVC_CDHA_06', 'DEPT_CDHA', 400000.00, 180000.00, 600000.00, 20, TRUE),
('FS_CDHA_07', 'FAC_EHEALTH', 'SVC_CDHA_07', 'DEPT_CDHA', 200000.00, 100000.00, 300000.00, 15, TRUE),
('FS_CDHA_08', 'FAC_EHEALTH', 'SVC_CDHA_08', 'DEPT_CDHA', 1200000.00, 500000.00, 1800000.00, 30, TRUE),
('FS_CDHA_09', 'FAC_EHEALTH', 'SVC_CDHA_09', 'DEPT_CDHA', 1500000.00, 600000.00, 2200000.00, 30, TRUE),
('FS_CDHA_10', 'FAC_EHEALTH', 'SVC_CDHA_10', 'DEPT_CDHA', 3500000.00, 1200000.00, 5000000.00, 45, TRUE),
('FS_TT_01', 'FAC_EHEALTH', 'SVC_TT_01', 'DEPT_NGOAI', 300000.00, 150000.00, 500000.00, 30, TRUE),
('FS_TT_02', 'FAC_EHEALTH', 'SVC_TT_02', 'DEPT_NGOAI', 50000.00, 25000.00, 80000.00, 10, TRUE),
('FS_TT_03', 'FAC_EHEALTH', 'SVC_TT_03', 'DEPT_NGOAI', 500000.00, 200000.00, 700000.00, 45, TRUE),
('FS_TT_04', 'FAC_EHEALTH', 'SVC_TT_04', 'DEPT_NGOAI', 100000.00, 50000.00, 150000.00, 15, TRUE),
('FS_TT_05', 'FAC_EHEALTH', 'SVC_TT_05', 'DEPT_NGOAI', 600000.00, 250000.00, 900000.00, 20, TRUE),
('FS_TT_06', 'FAC_EHEALTH', 'SVC_TT_06', 'DEPT_NGOAI', 200000.00, 100000.00, 300000.00, 15, TRUE),
('FS_TT_07', 'FAC_EHEALTH', 'SVC_TT_07', 'DEPT_NOI', 1500000.00, 600000.00, 2200000.00, 30, TRUE),
('FS_TT_08', 'FAC_EHEALTH', 'SVC_TT_08', 'DEPT_NGOAI', 800000.00, 350000.00, 1200000.00, 30, TRUE),
('FS_PT_01', 'FAC_EHEALTH', 'SVC_PT_01', 'DEPT_NGOAI', 8000000.00, 3000000.00, 12000000.00, 90, TRUE),
('FS_PT_02', 'FAC_EHEALTH', 'SVC_PT_02', 'DEPT_NGOAI', 10000000.00, 4000000.00, 15000000.00, 120, TRUE),
('FS_PT_03', 'FAC_EHEALTH', 'SVC_PT_03', 'DEPT_NGOAI', 7000000.00, 2500000.00, 10000000.00, 90, TRUE),
('FS_PT_04', 'FAC_EHEALTH', 'SVC_PT_04', 'DEPT_NGOAI', 6000000.00, 2000000.00, 9000000.00, 60, TRUE),
('FS_PT_05', 'FAC_EHEALTH', 'SVC_PT_05', 'DEPT_SAN', 12000000.00, 4500000.00, 18000000.00, 120, TRUE),
('FS_SK_01', 'FAC_EHEALTH', 'SVC_SK_01', 'DEPT_SAN', 300000.00, 150000.00, 450000.00, 25, TRUE),
('FS_SK_02', 'FAC_EHEALTH', 'SVC_SK_02', 'DEPT_SAN', 600000.00, 250000.00, 850000.00, 20, TRUE),
('FS_SK_03', 'FAC_EHEALTH', 'SVC_SK_03', 'DEPT_SAN', 500000.00, 200000.00, 700000.00, 20, TRUE),
('FS_SK_04', 'FAC_EHEALTH', 'SVC_SK_04', 'DEPT_SAN', 5000000.00, 2000000.00, 8000000.00, 120, TRUE),
('FS_SK_05', 'FAC_EHEALTH', 'SVC_SK_05', 'DEPT_SAN', 300000.00, 150000.00, 450000.00, 30, TRUE),
('FS_SK_06', 'FAC_EHEALTH', 'SVC_SK_06', 'DEPT_NHI', 200000.00, 100000.00, 300000.00, 10, TRUE),
('FS_NT_01', 'FAC_EHEALTH', 'SVC_NT_01', 'DEPT_NOI', 250000.00, 120000.00, 0.00, 1440, TRUE),
('FS_NT_02', 'FAC_EHEALTH', 'SVC_NT_02', 'DEPT_NOI', 600000.00, 200000.00, 0.00, 1440, TRUE),
('FS_NT_03', 'FAC_EHEALTH', 'SVC_NT_03', 'DEPT_NOI', 1500000.00, 300000.00, 0.00, 1440, TRUE),
('FS_NT_04', 'FAC_EHEALTH', 'SVC_NT_04', 'DEPT_ICU', 3000000.00, 800000.00, 0.00, 1440, TRUE),
('FS_NT_05', 'FAC_EHEALTH', 'SVC_NT_05', 'DEPT_NOI', 120000.00, 60000.00, 0.00, 1440, TRUE),
('FS_PHCN_01', 'FAC_EHEALTH', 'SVC_PHCN_01', 'DEPT_KB', 200000.00, 100000.00, 300000.00, 30, TRUE),
('FS_PHCN_02', 'FAC_EHEALTH', 'SVC_PHCN_02', 'DEPT_KB', 150000.00, 70000.00, 250000.00, 30, TRUE),
('FS_PHCN_03', 'FAC_EHEALTH', 'SVC_PHCN_03', 'DEPT_KB', 200000.00, 100000.00, 300000.00, 45, TRUE),
('FS_PHCN_04', 'FAC_EHEALTH', 'SVC_PHCN_04', 'DEPT_KB', 150000.00, 70000.00, 250000.00, 30, TRUE),
('FS_PHCN_05', 'FAC_EHEALTH', 'SVC_PHCN_05', 'DEPT_KB', 250000.00, 120000.00, 350000.00, 30, TRUE);

-- *********************************************************************
-- 4. LIÊN KẾT CHUYÊN KHOA - DỊCH VỤ (SPECIALTY_SERVICES)
-- *********************************************************************
INSERT INTO specialty_services (specialty_id, service_id) VALUES
('SPC_TONG_QUAT', 'SVC_KB_01'),
('SPC_TONG_QUAT', 'SVC_KB_07'),
('SPC_TONG_QUAT', 'SVC_KB_08'),
('SPC_NOI', 'SVC_KB_02'),
('SPC_NOI', 'SVC_TT_07'),
('SPC_NOI', 'SVC_NT_01'),
('SPC_NOI', 'SVC_NT_02'),
('SPC_NGOAI', 'SVC_KB_03'),
('SPC_NGOAI', 'SVC_TT_01'),
('SPC_NGOAI', 'SVC_TT_02'),
('SPC_NGOAI', 'SVC_TT_03'),
('SPC_NGOAI', 'SVC_TT_04'),
('SPC_NGOAI', 'SVC_TT_05'),
('SPC_NGOAI', 'SVC_TT_08'),
('SPC_NGOAI', 'SVC_PT_01'),
('SPC_NGOAI', 'SVC_PT_02'),
('SPC_NGOAI', 'SVC_PT_03'),
('SPC_NGOAI', 'SVC_PT_04'),
('SPC_SAN', 'SVC_KB_04'),
('SPC_SAN', 'SVC_SK_01'),
('SPC_SAN', 'SVC_SK_02'),
('SPC_SAN', 'SVC_SK_03'),
('SPC_SAN', 'SVC_SK_04'),
('SPC_SAN', 'SVC_SK_05'),
('SPC_SAN', 'SVC_PT_05'),
('SPC_NHI', 'SVC_KB_05'),
('SPC_NHI', 'SVC_SK_06'),
('SPC_CC', 'SVC_KB_06'),
('SPC_CC', 'SVC_TT_01'),
('SPC_CC', 'SVC_TT_06'),
('SPC_HSCC', 'SVC_NT_04'),
('SPC_XN', 'SVC_XN_01'),
('SPC_XN', 'SVC_XN_02'),
('SPC_XN', 'SVC_XN_03'),
('SPC_XN', 'SVC_XN_04'),
('SPC_XN', 'SVC_XN_05'),
('SPC_XN', 'SVC_XN_06'),
('SPC_XN', 'SVC_XN_07'),
('SPC_XN', 'SVC_XN_08'),
('SPC_XN', 'SVC_XN_09'),
('SPC_XN', 'SVC_XN_10'),
('SPC_XN', 'SVC_XN_11'),
('SPC_XN', 'SVC_XN_12'),
('SPC_XN', 'SVC_XN_13'),
('SPC_XN', 'SVC_XN_14'),
('SPC_XN', 'SVC_XN_15'),
('SPC_CDHA', 'SVC_CDHA_01'),
('SPC_CDHA', 'SVC_CDHA_02'),
('SPC_CDHA', 'SVC_CDHA_03'),
('SPC_CDHA', 'SVC_CDHA_04'),
('SPC_CDHA', 'SVC_CDHA_05'),
('SPC_CDHA', 'SVC_CDHA_06'),
('SPC_CDHA', 'SVC_CDHA_07'),
('SPC_CDHA', 'SVC_CDHA_08'),
('SPC_CDHA', 'SVC_CDHA_09'),
('SPC_CDHA', 'SVC_CDHA_10');

-- *********************************************************************
-- 5. LIÊN KẾT BÁC SĨ - DỊCH VỤ CƠ SỞ (DOCTOR_SERVICES)
-- Gán bác sĩ vào dịch vụ theo chuyên khoa
-- *********************************************************************
INSERT INTO doctor_services (doctor_id, facility_service_id, is_primary, assigned_by) VALUES
('DOC_01', 'FS_KB_01', TRUE, 'USR_ADMIN_01'),
('DOC_01', 'FS_KB_07', TRUE, 'USR_ADMIN_01'),
('DOC_01', 'FS_KB_08', TRUE, 'USR_ADMIN_01'),
('DOC_02', 'FS_KB_02', TRUE, 'USR_ADMIN_01'),
('DOC_02', 'FS_TT_07', TRUE, 'USR_ADMIN_01'),
('DOC_02', 'FS_NT_01', FALSE, 'USR_ADMIN_01'),
('DOC_02', 'FS_NT_02', FALSE, 'USR_ADMIN_01'),
('DOC_03', 'FS_KB_03', TRUE, 'USR_ADMIN_01'),
('DOC_03', 'FS_TT_01', TRUE, 'USR_ADMIN_01'),
('DOC_03', 'FS_TT_03', TRUE, 'USR_ADMIN_01'),
('DOC_03', 'FS_TT_05', TRUE, 'USR_ADMIN_01'),
('DOC_03', 'FS_TT_08', TRUE, 'USR_ADMIN_01'),
('DOC_03', 'FS_PT_01', TRUE, 'USR_ADMIN_01'),
('DOC_03', 'FS_PT_02', TRUE, 'USR_ADMIN_01'),
('DOC_03', 'FS_PT_03', TRUE, 'USR_ADMIN_01'),
('DOC_03', 'FS_PT_04', TRUE, 'USR_ADMIN_01'),
('DOC_04', 'FS_KB_04', TRUE, 'USR_ADMIN_01'),
('DOC_04', 'FS_SK_01', TRUE, 'USR_ADMIN_01'),
('DOC_04', 'FS_SK_02', TRUE, 'USR_ADMIN_01'),
('DOC_04', 'FS_SK_03', TRUE, 'USR_ADMIN_01'),
('DOC_04', 'FS_SK_04', TRUE, 'USR_ADMIN_01'),
('DOC_04', 'FS_SK_05', TRUE, 'USR_ADMIN_01'),
('DOC_04', 'FS_PT_05', TRUE, 'USR_ADMIN_01'),
('DOC_05', 'FS_KB_05', TRUE, 'USR_ADMIN_01'),
('DOC_05', 'FS_SK_06', TRUE, 'USR_ADMIN_01'),
('DOC_06', 'FS_KB_06', TRUE, 'USR_ADMIN_01'),
('DOC_06', 'FS_TT_01', FALSE, 'USR_ADMIN_01'),
('DOC_06', 'FS_TT_06', TRUE, 'USR_ADMIN_01'),
('DOC_07', 'FS_NT_04', TRUE, 'USR_ADMIN_01'),
('DOC_08', 'FS_XN_01', TRUE, 'USR_ADMIN_01'),
('DOC_08', 'FS_XN_02', TRUE, 'USR_ADMIN_01'),
('DOC_08', 'FS_XN_03', TRUE, 'USR_ADMIN_01'),
('DOC_08', 'FS_XN_04', TRUE, 'USR_ADMIN_01'),
('DOC_08', 'FS_XN_05', TRUE, 'USR_ADMIN_01'),
('DOC_08', 'FS_XN_06', TRUE, 'USR_ADMIN_01'),
('DOC_08', 'FS_XN_07', TRUE, 'USR_ADMIN_01'),
('DOC_08', 'FS_XN_08', TRUE, 'USR_ADMIN_01'),
('DOC_08', 'FS_XN_09', TRUE, 'USR_ADMIN_01'),
('DOC_08', 'FS_XN_10', TRUE, 'USR_ADMIN_01'),
('DOC_08', 'FS_XN_11', TRUE, 'USR_ADMIN_01'),
('DOC_08', 'FS_XN_12', TRUE, 'USR_ADMIN_01'),
('DOC_08', 'FS_XN_13', TRUE, 'USR_ADMIN_01'),
('DOC_08', 'FS_XN_14', TRUE, 'USR_ADMIN_01'),
('DOC_08', 'FS_XN_15', TRUE, 'USR_ADMIN_01'),
('DOC_09', 'FS_CDHA_01', TRUE, 'USR_ADMIN_01'),
('DOC_09', 'FS_CDHA_02', TRUE, 'USR_ADMIN_01'),
('DOC_09', 'FS_CDHA_03', TRUE, 'USR_ADMIN_01'),
('DOC_09', 'FS_CDHA_04', TRUE, 'USR_ADMIN_01'),
('DOC_09', 'FS_CDHA_05', TRUE, 'USR_ADMIN_01'),
('DOC_09', 'FS_CDHA_06', TRUE, 'USR_ADMIN_01'),
('DOC_09', 'FS_CDHA_07', TRUE, 'USR_ADMIN_01'),
('DOC_09', 'FS_CDHA_08', TRUE, 'USR_ADMIN_01'),
('DOC_09', 'FS_CDHA_09', TRUE, 'USR_ADMIN_01'),
('DOC_09', 'FS_CDHA_10', TRUE, 'USR_ADMIN_01'),
('DOC_10', 'FS_KB_01', FALSE, 'USR_ADMIN_01'),
('DOC_10', 'FS_KB_07', FALSE, 'USR_ADMIN_01'),
('DOC_10', 'FS_PHCN_01', TRUE, 'USR_ADMIN_01'),
('DOC_10', 'FS_PHCN_02', TRUE, 'USR_ADMIN_01'),
('DOC_10', 'FS_PHCN_03', TRUE, 'USR_ADMIN_01'),
('DOC_10', 'FS_PHCN_04', TRUE, 'USR_ADMIN_01'),
('DOC_10', 'FS_PHCN_05', TRUE, 'USR_ADMIN_01');

COMMIT;

-- =====================================================================
-- THỐNG KÊ SEED DATA MODULE 6 - DỊCH VỤ Y TẾ
-- =====================================================================
-- service_categories:  8 nhóm dịch vụ
-- services:            62 dịch vụ chuẩn (master)
-- facility_services:   62 dịch vụ tại cơ sở (có bảng giá)
-- specialty_services:  56 liên kết chuyên khoa-dịch vụ
-- doctor_services:     61 liên kết bác sĩ-dịch vụ
-- TỔNG:                249 bản ghi
-- =====================================================================
