-- =====================================================================
-- SEED DATA: MODULE 7 - HỒ SƠ BỆNH NHÂN (PATIENTS)
-- =====================================================================
-- Thứ tự chạy: SAU 01, 01b, 02, 03, 04, 05, 06, 06b
-- Bao gồm: patients (150 hồ sơ gắn với 150 tài khoản bệnh nhân)
-- =====================================================================

BEGIN;

-- *********************************************************************
-- HỒ SƠ BỆNH NHÂN (PATIENTS) - 150 bệnh nhân
-- Gắn account_id với tài khoản USR_PAT_001 → USR_PAT_150
-- patient_code: BN-YYMM-XXXX (Mã bệnh nhân tự sinh)
-- *********************************************************************
INSERT INTO patients (id, patient_code, account_id, full_name, date_of_birth, gender, phone_number, email, id_card_number, address, emergency_contact_name, emergency_contact_phone, has_insurance, status) VALUES
('PAT_001', 'BN-2026-0001', 'USR_PAT_001', 'Trần Đức Bảo', '1955-02-02', 'MALE', '0920500001', 'bn001@gmail.com', '079100001111', '8 Lê Lợi, Q.3, TP.HCM', 'Nguyễn Văn An', '0930000000', TRUE, 'ACTIVE'),
('PAT_002', 'BN-2026-0002', 'USR_PAT_002', 'Lê Thanh Diệu', '1955-03-03', 'FEMALE', '0920500002', 'bn002@gmail.com', '079100002222', '15 Trần Hưng Đạo, Q.5, TP.HCM', 'Trần Thị Bích', '0930000111', TRUE, 'ACTIVE'),
('PAT_003', 'BN-2026-0003', 'USR_PAT_003', 'Phạm Quang Dũng', '1955-04-04', 'MALE', '0920500003', 'bn003@gmail.com', '079100003333', '22 Pasteur, Q.7, TP.HCM', 'Lê Văn Cường', '0930000222', TRUE, 'ACTIVE'),
('PAT_004', 'BN-2026-0004', 'USR_PAT_004', 'Hoàng Kim Hạnh', '1956-05-05', 'FEMALE', '0920500004', 'bn004@gmail.com', '079100004444', '29 Hai Bà Trưng, Q.10, TP.HCM', 'Phạm Thị Dung', '0930000333', TRUE, 'ACTIVE'),
('PAT_005', 'BN-2026-0005', 'USR_PAT_005', 'Huỳnh Tấn Hải', '1956-06-06', 'MALE', '0920500005', 'bn005@gmail.com', '079100005555', '36 Điện Biên Phủ, Q.Bình Thạnh, TP.HCM', 'Hoàng Văn Em', '0930000444', FALSE, 'ACTIVE'),
('PAT_006', 'BN-2026-0006', 'USR_PAT_006', 'Vũ Ánh Lan', '1956-07-07', 'FEMALE', '0920500006', 'bn006@gmail.com', '079100006666', '43 Cách Mạng Tháng 8, Q.Phú Nhuận, TP.HCM', 'Huỳnh Thị Phương', '0930000555', TRUE, 'ACTIVE'),
('PAT_007', 'BN-2026-0007', 'USR_PAT_007', 'Võ Xuân Khang', '1957-08-08', 'MALE', '0920500007', 'bn007@gmail.com', '079100007777', '50 Nguyễn Trãi, Q.Tân Bình, TP.HCM', 'Vũ Văn Giang', '0930000666', TRUE, 'ACTIVE'),
('PAT_008', 'BN-2026-0008', 'USR_PAT_008', 'Đặng Diệu Mai', '1957-09-09', 'FEMALE', '0920500008', 'bn008@gmail.com', '079100008888', '57 Võ Văn Tần, Q.Gò Vấp, TP.HCM', 'Võ Thị Hoa', '0930000777', TRUE, 'ACTIVE'),
('PAT_009', 'BN-2026-0009', 'USR_PAT_009', 'Bùi Anh Minh', '1957-10-10', 'MALE', '0920500009', 'bn009@gmail.com', '079100009999', '64 Nam Kỳ Khởi Nghĩa, Q.Tân Phú, TP.HCM', 'Đặng Văn Kiên', '0930000888', TRUE, 'ACTIVE'),
('PAT_010', 'BN-2026-0010', 'USR_PAT_010', 'Đỗ Thị Nhung', '1958-11-11', 'FEMALE', '0920500010', 'bn010@gmail.com', '079100011110', '71 Nguyễn Thị Minh Khai, Q.Bình Tân, TP.HCM', 'Bùi Thị Lan', '0930000999', FALSE, 'ACTIVE'),
('PAT_011', 'BN-2026-0011', 'USR_PAT_011', 'Hồ Đức Phúc', '1958-12-12', 'MALE', '0920500011', 'bn011@gmail.com', '079100012221', '78 Lê Văn Sỹ, Q.Thủ Đức, TP.HCM', 'Đỗ Văn Minh', '0930001110', TRUE, 'ACTIVE'),
('PAT_012', 'BN-2026-0012', 'USR_PAT_012', 'Ngô Thanh Quỳnh', '1958-01-13', 'FEMALE', '0920500012', 'bn012@gmail.com', '079100013332', '85 Cao Thắng, Q.12, TP.HCM', 'Hồ Thị Ngọc', '0930001221', TRUE, 'ACTIVE'),
('PAT_013', 'BN-2026-0013', 'USR_PAT_013', 'Dương Quang Sơn', '1958-02-14', 'MALE', '0920500013', 'bn013@gmail.com', '079100014443', '92 Ba Tháng Hai, Q.2, TP.HCM', 'Ngô Văn Phong', '0930001332', TRUE, 'ACTIVE'),
('PAT_014', 'BN-2026-0014', 'USR_PAT_014', 'Lý Kim Trang', '1959-03-15', 'FEMALE', '0920500014', 'bn014@gmail.com', '079100015554', '99 Phan Đình Phùng, Q.4, TP.HCM', 'Dương Thị Quỳnh', '0930001443', TRUE, 'ACTIVE'),
('PAT_015', 'BN-2026-0015', 'USR_PAT_015', 'Phan Tấn Thắng', '1959-04-16', 'MALE', '0920500015', 'bn015@gmail.com', '079100016665', '106 Nguyễn Huệ, Q.6, TP.HCM', 'Lý Văn Sơn', '0930001554', FALSE, 'ACTIVE'),
('PAT_016', 'BN-2026-0016', 'USR_PAT_016', 'Mai Ánh Uyên', '1959-05-17', 'FEMALE', '0920500016', 'bn016@gmail.com', '079100017776', '113 Lê Lợi, Q.8, TP.HCM', 'Phan Thị Tâm', '0930001665', TRUE, 'ACTIVE'),
('PAT_017', 'BN-2026-0017', 'USR_PAT_017', 'Tạ Xuân Trung', '1960-06-18', 'MALE', '0920500017', 'bn017@gmail.com', '079100018887', '120 Trần Hưng Đạo, Q.9, TP.HCM', 'Mai Văn Uy', '0930001776', TRUE, 'ACTIVE'),
('PAT_018', 'BN-2026-0018', 'USR_PAT_018', 'Lưu Diệu Xuân', '1960-07-19', 'FEMALE', '0920500018', 'bn018@gmail.com', '079100019998', '127 Pasteur, Q.11, TP.HCM', 'Tạ Thị Vân', '0930001887', TRUE, 'ACTIVE'),
('PAT_019', 'BN-2026-0019', 'USR_PAT_019', 'Hà Anh Vinh', '1960-08-20', 'MALE', '0920500019', 'bn019@gmail.com', '079100021109', '134 Hai Bà Trưng, Q.1, TP.HCM', 'Lưu Văn Xuân', '0930001998', TRUE, 'ACTIVE'),
('PAT_020', 'BN-2026-0020', 'USR_PAT_020', 'Nguyễn Thị Dung', '1961-09-21', 'FEMALE', '0920500020', 'bn020@gmail.com', '079100022220', '141 Điện Biên Phủ, Q.3, TP.HCM', 'Hà Thị Yến', '0930002109', FALSE, 'ACTIVE'),
('PAT_021', 'BN-2026-0021', 'USR_PAT_021', 'Trần Đức Khôi', '1961-10-22', 'MALE', '0920500021', 'bn021@gmail.com', '079100023331', '148 Cách Mạng Tháng 8, Q.5, TP.HCM', 'Nguyễn Văn An', '0930002220', TRUE, 'ACTIVE'),
('PAT_022', 'BN-2026-0022', 'USR_PAT_022', 'Lê Thanh Hiền', '1961-11-23', 'FEMALE', '0920500022', 'bn022@gmail.com', '079100024442', '155 Nguyễn Trãi, Q.7, TP.HCM', 'Trần Thị Bích', '0930002331', TRUE, 'ACTIVE'),
('PAT_023', 'BN-2026-0023', 'USR_PAT_023', 'Phạm Quang Nhật', '1961-12-24', 'MALE', '0920500023', 'bn023@gmail.com', '079100025553', '162 Võ Văn Tần, Q.10, TP.HCM', 'Lê Văn Cường', '0930002442', TRUE, 'ACTIVE'),
('PAT_024', 'BN-2026-0024', 'USR_PAT_024', 'Hoàng Kim Bích', '1962-01-25', 'FEMALE', '0920500024', 'bn024@gmail.com', '079100026664', '169 Nam Kỳ Khởi Nghĩa, Q.Bình Thạnh, TP.HCM', 'Phạm Thị Dung', '0930002553', TRUE, 'ACTIVE'),
('PAT_025', 'BN-2026-0025', 'USR_PAT_025', 'Huỳnh Tấn Anh', '1962-02-26', 'MALE', '0920500025', 'bn025@gmail.com', '079100027775', '176 Nguyễn Thị Minh Khai, Q.Phú Nhuận, TP.HCM', 'Hoàng Văn Em', '0930002664', FALSE, 'ACTIVE'),
('PAT_026', 'BN-2026-0026', 'USR_PAT_026', 'Vũ Ánh Chi', '1962-03-27', 'FEMALE', '0920500026', 'bn026@gmail.com', '079100028886', '183 Lê Văn Sỹ, Q.Tân Bình, TP.HCM', 'Huỳnh Thị Phương', '0930002775', TRUE, 'ACTIVE'),
('PAT_027', 'BN-2026-0027', 'USR_PAT_027', 'Võ Xuân Cường', '1963-04-28', 'MALE', '0920500027', 'bn027@gmail.com', '079100029997', '190 Cao Thắng, Q.Gò Vấp, TP.HCM', 'Vũ Văn Giang', '0930002886', TRUE, 'ACTIVE'),
('PAT_028', 'BN-2026-0028', 'USR_PAT_028', 'Đặng Diệu Hà', '1963-05-01', 'FEMALE', '0920500028', 'bn028@gmail.com', '079100031108', '197 Ba Tháng Hai, Q.Tân Phú, TP.HCM', 'Võ Thị Hoa', '0930002997', TRUE, 'ACTIVE'),
('PAT_029', 'BN-2026-0029', 'USR_PAT_029', 'Bùi Anh Đạt', '1963-06-02', 'MALE', '0920500029', 'bn029@gmail.com', '079100032219', '4 Phan Đình Phùng, Q.Bình Tân, TP.HCM', 'Đặng Văn Kiên', '0930003108', TRUE, 'ACTIVE'),
('PAT_030', 'BN-2026-0030', 'USR_PAT_030', 'Đỗ Thị Hương', '1964-07-03', 'FEMALE', '0920500030', 'bn030@gmail.com', '079100033330', '11 Nguyễn Huệ, Q.Thủ Đức, TP.HCM', 'Bùi Thị Lan', '0930003219', FALSE, 'ACTIVE'),
('PAT_031', 'BN-2026-0031', 'USR_PAT_031', 'Hồ Đức Hùng', '1964-08-04', 'MALE', '0920500031', 'bn031@gmail.com', '079100034441', '18 Lê Lợi, Q.12, TP.HCM', 'Đỗ Văn Minh', '0930003330', TRUE, 'ACTIVE'),
('PAT_032', 'BN-2026-0032', 'USR_PAT_032', 'Ngô Thanh Linh', '1964-09-05', 'FEMALE', '0920500032', 'bn032@gmail.com', '079100035552', '25 Trần Hưng Đạo, Q.2, TP.HCM', 'Hồ Thị Ngọc', '0930003441', TRUE, 'ACTIVE'),
('PAT_033', 'BN-2026-0033', 'USR_PAT_033', 'Dương Quang Long', '1964-10-06', 'MALE', '0920500033', 'bn033@gmail.com', '079100036663', '32 Pasteur, Q.4, TP.HCM', 'Ngô Văn Phong', '0930003552', TRUE, 'ACTIVE'),
('PAT_034', 'BN-2026-0034', 'USR_PAT_034', 'Lý Kim Ngân', '1965-11-07', 'FEMALE', '0920500034', 'bn034@gmail.com', '079100037774', '39 Hai Bà Trưng, Q.6, TP.HCM', 'Dương Thị Quỳnh', '0930003663', TRUE, 'ACTIVE'),
('PAT_035', 'BN-2026-0035', 'USR_PAT_035', 'Phan Tấn Nam', '1965-12-08', 'MALE', '0920500035', 'bn035@gmail.com', '079100038885', '46 Điện Biên Phủ, Q.8, TP.HCM', 'Lý Văn Sơn', '0930003774', FALSE, 'ACTIVE'),
('PAT_036', 'BN-2026-0036', 'USR_PAT_036', 'Mai Ánh Phương', '1965-01-09', 'FEMALE', '0920500036', 'bn036@gmail.com', '079100039996', '53 Cách Mạng Tháng 8, Q.9, TP.HCM', 'Phan Thị Tâm', '0930003885', TRUE, 'ACTIVE'),
('PAT_037', 'BN-2026-0037', 'USR_PAT_037', 'Tạ Xuân Quân', '1966-02-10', 'MALE', '0920500037', 'bn037@gmail.com', '079100041107', '60 Nguyễn Trãi, Q.11, TP.HCM', 'Mai Văn Uy', '0930003996', TRUE, 'ACTIVE'),
('PAT_038', 'BN-2026-0038', 'USR_PAT_038', 'Lưu Diệu Thảo', '1966-03-11', 'FEMALE', '0920500038', 'bn038@gmail.com', '079100042218', '67 Võ Văn Tần, Q.1, TP.HCM', 'Tạ Thị Vân', '0930004107', TRUE, 'ACTIVE'),
('PAT_039', 'BN-2026-0039', 'USR_PAT_039', 'Hà Anh Tài', '1966-04-12', 'MALE', '0920500039', 'bn039@gmail.com', '079100043329', '74 Nam Kỳ Khởi Nghĩa, Q.3, TP.HCM', 'Lưu Văn Xuân', '0930004218', TRUE, 'ACTIVE'),
('PAT_040', 'BN-2026-0040', 'USR_PAT_040', 'Nguyễn Thị Trinh', '1967-05-13', 'FEMALE', '0920500040', 'bn040@gmail.com', '079100044440', '81 Nguyễn Thị Minh Khai, Q.5, TP.HCM', 'Hà Thị Yến', '0930004329', FALSE, 'ACTIVE'),
('PAT_041', 'BN-2026-0041', 'USR_PAT_041', 'Trần Đức Toàn', '1967-06-14', 'MALE', '0920500041', 'bn041@gmail.com', '079100045551', '88 Lê Văn Sỹ, Q.7, TP.HCM', 'Nguyễn Văn An', '0930004440', TRUE, 'ACTIVE'),
('PAT_042', 'BN-2026-0042', 'USR_PAT_042', 'Lê Thanh Vân', '1967-07-15', 'FEMALE', '0920500042', 'bn042@gmail.com', '079100046662', '95 Cao Thắng, Q.10, TP.HCM', 'Trần Thị Bích', '0930004551', TRUE, 'ACTIVE'),
('PAT_043', 'BN-2026-0043', 'USR_PAT_043', 'Phạm Quang Tuấn', '1967-08-16', 'MALE', '0920500043', 'bn043@gmail.com', '079100047773', '102 Ba Tháng Hai, Q.Bình Thạnh, TP.HCM', 'Lê Văn Cường', '0930004662', TRUE, 'ACTIVE'),
('PAT_044', 'BN-2026-0044', 'USR_PAT_044', 'Hoàng Kim Yến', '1968-09-17', 'FEMALE', '0920500044', 'bn044@gmail.com', '079100048884', '109 Phan Đình Phùng, Q.Phú Nhuận, TP.HCM', 'Phạm Thị Dung', '0930004773', TRUE, 'ACTIVE'),
('PAT_045', 'BN-2026-0045', 'USR_PAT_045', 'Huỳnh Tấn Đức', '1968-10-18', 'MALE', '0920500045', 'bn045@gmail.com', '079100049995', '116 Nguyễn Huệ, Q.Tân Bình, TP.HCM', 'Hoàng Văn Em', '0930004884', FALSE, 'ACTIVE'),
('PAT_046', 'BN-2026-0046', 'USR_PAT_046', 'Vũ Ánh Giang', '1968-11-19', 'FEMALE', '0920500046', 'bn046@gmail.com', '079100051106', '123 Lê Lợi, Q.Gò Vấp, TP.HCM', 'Huỳnh Thị Phương', '0930004995', TRUE, 'ACTIVE'),
('PAT_047', 'BN-2026-0047', 'USR_PAT_047', 'Võ Xuân Lâm', '1969-12-20', 'MALE', '0920500047', 'bn047@gmail.com', '079100052217', '130 Trần Hưng Đạo, Q.Tân Phú, TP.HCM', 'Vũ Văn Giang', '0930005106', TRUE, 'ACTIVE'),
('PAT_048', 'BN-2026-0048', 'USR_PAT_048', 'Đặng Diệu Thanh', '1969-01-21', 'FEMALE', '0920500048', 'bn048@gmail.com', '079100053328', '137 Pasteur, Q.Bình Tân, TP.HCM', 'Võ Thị Hoa', '0930005217', TRUE, 'ACTIVE'),
('PAT_049', 'BN-2026-0049', 'USR_PAT_049', 'Bùi Anh Phong', '1969-02-22', 'MALE', '0920500049', 'bn049@gmail.com', '079100054439', '144 Hai Bà Trưng, Q.Thủ Đức, TP.HCM', 'Đặng Văn Kiên', '0930005328', TRUE, 'ACTIVE'),
('PAT_050', 'BN-2026-0050', 'USR_PAT_050', 'Đỗ Thị An', '1970-03-23', 'FEMALE', '0921500050', 'bn050@gmail.com', '079100055550', '151 Điện Biên Phủ, Q.12, TP.HCM', 'Bùi Thị Lan', '0930005439', FALSE, 'ACTIVE'),
('PAT_051', 'BN-2026-0051', 'USR_PAT_051', 'Hồ Đức Bảo', '1970-04-24', 'MALE', '0921500051', 'bn051@gmail.com', '079100056661', '158 Cách Mạng Tháng 8, Q.2, TP.HCM', 'Đỗ Văn Minh', '0930005550', TRUE, 'ACTIVE'),
('PAT_052', 'BN-2026-0052', 'USR_PAT_052', 'Ngô Thanh Diệu', '1970-05-25', 'FEMALE', '0921500052', 'bn052@gmail.com', '079100057772', '165 Nguyễn Trãi, Q.4, TP.HCM', 'Hồ Thị Ngọc', '0930005661', TRUE, 'ACTIVE'),
('PAT_053', 'BN-2026-0053', 'USR_PAT_053', 'Dương Quang Dũng', '1970-06-26', 'MALE', '0921500053', 'bn053@gmail.com', '079100058883', '172 Võ Văn Tần, Q.6, TP.HCM', 'Ngô Văn Phong', '0930005772', TRUE, 'ACTIVE'),
('PAT_054', 'BN-2026-0054', 'USR_PAT_054', 'Lý Kim Hạnh', '1971-07-27', 'FEMALE', '0921500054', 'bn054@gmail.com', '079100059994', '179 Nam Kỳ Khởi Nghĩa, Q.8, TP.HCM', 'Dương Thị Quỳnh', '0930005883', TRUE, 'ACTIVE'),
('PAT_055', 'BN-2026-0055', 'USR_PAT_055', 'Phan Tấn Hải', '1971-08-28', 'MALE', '0921500055', 'bn055@gmail.com', '079100061105', '186 Nguyễn Thị Minh Khai, Q.9, TP.HCM', 'Lý Văn Sơn', '0930005994', FALSE, 'ACTIVE'),
('PAT_056', 'BN-2026-0056', 'USR_PAT_056', 'Mai Ánh Lan', '1971-09-01', 'FEMALE', '0921500056', 'bn056@gmail.com', '079100062216', '193 Lê Văn Sỹ, Q.11, TP.HCM', 'Phan Thị Tâm', '0930006105', TRUE, 'ACTIVE'),
('PAT_057', 'BN-2026-0057', 'USR_PAT_057', 'Tạ Xuân Khang', '1972-10-02', 'MALE', '0921500057', 'bn057@gmail.com', '079100063327', '200 Cao Thắng, Q.1, TP.HCM', 'Mai Văn Uy', '0930006216', TRUE, 'ACTIVE'),
('PAT_058', 'BN-2026-0058', 'USR_PAT_058', 'Lưu Diệu Mai', '1972-11-03', 'FEMALE', '0921500058', 'bn058@gmail.com', '079100064438', '7 Ba Tháng Hai, Q.3, TP.HCM', 'Tạ Thị Vân', '0930006327', TRUE, 'ACTIVE'),
('PAT_059', 'BN-2026-0059', 'USR_PAT_059', 'Hà Anh Minh', '1972-12-04', 'MALE', '0921500059', 'bn059@gmail.com', '079100065549', '14 Phan Đình Phùng, Q.5, TP.HCM', 'Lưu Văn Xuân', '0930006438', TRUE, 'ACTIVE'),
('PAT_060', 'BN-2026-0060', 'USR_PAT_060', 'Nguyễn Thị Nhung', '1973-01-05', 'FEMALE', '0921500060', 'bn060@gmail.com', '079100066660', '21 Nguyễn Huệ, Q.7, TP.HCM', 'Hà Thị Yến', '0930006549', FALSE, 'ACTIVE'),
('PAT_061', 'BN-2026-0061', 'USR_PAT_061', 'Trần Đức Phúc', '1973-02-06', 'MALE', '0921500061', 'bn061@gmail.com', '079100067771', '28 Lê Lợi, Q.10, TP.HCM', 'Nguyễn Văn An', '0930006660', TRUE, 'ACTIVE'),
('PAT_062', 'BN-2026-0062', 'USR_PAT_062', 'Lê Thanh Quỳnh', '1973-03-07', 'FEMALE', '0921500062', 'bn062@gmail.com', '079100068882', '35 Trần Hưng Đạo, Q.Bình Thạnh, TP.HCM', 'Trần Thị Bích', '0930006771', TRUE, 'ACTIVE'),
('PAT_063', 'BN-2026-0063', 'USR_PAT_063', 'Phạm Quang Sơn', '1973-04-08', 'MALE', '0921500063', 'bn063@gmail.com', '079100069993', '42 Pasteur, Q.Phú Nhuận, TP.HCM', 'Lê Văn Cường', '0930006882', TRUE, 'ACTIVE'),
('PAT_064', 'BN-2026-0064', 'USR_PAT_064', 'Hoàng Kim Trang', '1974-05-09', 'FEMALE', '0921500064', 'bn064@gmail.com', '079100071104', '49 Hai Bà Trưng, Q.Tân Bình, TP.HCM', 'Phạm Thị Dung', '0930006993', TRUE, 'ACTIVE'),
('PAT_065', 'BN-2026-0065', 'USR_PAT_065', 'Huỳnh Tấn Thắng', '1974-06-10', 'MALE', '0921500065', 'bn065@gmail.com', '079100072215', '56 Điện Biên Phủ, Q.Gò Vấp, TP.HCM', 'Hoàng Văn Em', '0930007104', FALSE, 'ACTIVE'),
('PAT_066', 'BN-2026-0066', 'USR_PAT_066', 'Vũ Ánh Uyên', '1974-07-11', 'FEMALE', '0921500066', 'bn066@gmail.com', '079100073326', '63 Cách Mạng Tháng 8, Q.Tân Phú, TP.HCM', 'Huỳnh Thị Phương', '0930007215', TRUE, 'ACTIVE'),
('PAT_067', 'BN-2026-0067', 'USR_PAT_067', 'Võ Xuân Trung', '1975-08-12', 'MALE', '0921500067', 'bn067@gmail.com', '079100074437', '70 Nguyễn Trãi, Q.Bình Tân, TP.HCM', 'Vũ Văn Giang', '0930007326', TRUE, 'ACTIVE'),
('PAT_068', 'BN-2026-0068', 'USR_PAT_068', 'Đặng Diệu Xuân', '1975-09-13', 'FEMALE', '0921500068', 'bn068@gmail.com', '079100075548', '77 Võ Văn Tần, Q.Thủ Đức, TP.HCM', 'Võ Thị Hoa', '0930007437', TRUE, 'ACTIVE'),
('PAT_069', 'BN-2026-0069', 'USR_PAT_069', 'Bùi Anh Vinh', '1975-10-14', 'MALE', '0921500069', 'bn069@gmail.com', '079100076659', '84 Nam Kỳ Khởi Nghĩa, Q.12, TP.HCM', 'Đặng Văn Kiên', '0930007548', TRUE, 'ACTIVE'),
('PAT_070', 'BN-2026-0070', 'USR_PAT_070', 'Đỗ Thị Dung', '1976-11-15', 'FEMALE', '0921500070', 'bn070@gmail.com', '079100077770', '91 Nguyễn Thị Minh Khai, Q.2, TP.HCM', 'Bùi Thị Lan', '0930007659', FALSE, 'ACTIVE'),
('PAT_071', 'BN-2026-0071', 'USR_PAT_071', 'Hồ Đức Khôi', '1976-12-16', 'MALE', '0921500071', 'bn071@gmail.com', '079100078881', '98 Lê Văn Sỹ, Q.4, TP.HCM', 'Đỗ Văn Minh', '0930007770', TRUE, 'ACTIVE'),
('PAT_072', 'BN-2026-0072', 'USR_PAT_072', 'Ngô Thanh Hiền', '1976-01-17', 'FEMALE', '0921500072', 'bn072@gmail.com', '079100079992', '105 Cao Thắng, Q.6, TP.HCM', 'Hồ Thị Ngọc', '0930007881', TRUE, 'ACTIVE'),
('PAT_073', 'BN-2026-0073', 'USR_PAT_073', 'Dương Quang Nhật', '1976-02-18', 'MALE', '0921500073', 'bn073@gmail.com', '079100081103', '112 Ba Tháng Hai, Q.8, TP.HCM', 'Ngô Văn Phong', '0930007992', TRUE, 'ACTIVE'),
('PAT_074', 'BN-2026-0074', 'USR_PAT_074', 'Lý Kim Bích', '1977-03-19', 'FEMALE', '0921500074', 'bn074@gmail.com', '079100082214', '119 Phan Đình Phùng, Q.9, TP.HCM', 'Dương Thị Quỳnh', '0930008103', TRUE, 'ACTIVE'),
('PAT_075', 'BN-2026-0075', 'USR_PAT_075', 'Phan Tấn Anh', '1977-04-20', 'MALE', '0921500075', 'bn075@gmail.com', '079100083325', '126 Nguyễn Huệ, Q.11, TP.HCM', 'Lý Văn Sơn', '0930008214', FALSE, 'ACTIVE'),
('PAT_076', 'BN-2026-0076', 'USR_PAT_076', 'Mai Ánh Chi', '1977-05-21', 'FEMALE', '0921500076', 'bn076@gmail.com', '079100084436', '133 Lê Lợi, Q.1, TP.HCM', 'Phan Thị Tâm', '0930008325', TRUE, 'ACTIVE'),
('PAT_077', 'BN-2026-0077', 'USR_PAT_077', 'Tạ Xuân Cường', '1978-06-22', 'MALE', '0921500077', 'bn077@gmail.com', '079100085547', '140 Trần Hưng Đạo, Q.3, TP.HCM', 'Mai Văn Uy', '0930008436', TRUE, 'ACTIVE'),
('PAT_078', 'BN-2026-0078', 'USR_PAT_078', 'Lưu Diệu Hà', '1978-07-23', 'FEMALE', '0921500078', 'bn078@gmail.com', '079100086658', '147 Pasteur, Q.5, TP.HCM', 'Tạ Thị Vân', '0930008547', TRUE, 'ACTIVE'),
('PAT_079', 'BN-2026-0079', 'USR_PAT_079', 'Hà Anh Đạt', '1978-08-24', 'MALE', '0921500079', 'bn079@gmail.com', '079100087769', '154 Hai Bà Trưng, Q.7, TP.HCM', 'Lưu Văn Xuân', '0930008658', TRUE, 'ACTIVE'),
('PAT_080', 'BN-2026-0080', 'USR_PAT_080', 'Nguyễn Thị Hương', '1979-09-25', 'FEMALE', '0921500080', 'bn080@gmail.com', '079100088880', '161 Điện Biên Phủ, Q.10, TP.HCM', 'Hà Thị Yến', '0930008769', FALSE, 'ACTIVE'),
('PAT_081', 'BN-2026-0081', 'USR_PAT_081', 'Trần Đức Hùng', '1979-10-26', 'MALE', '0921500081', 'bn081@gmail.com', '079100089991', '168 Cách Mạng Tháng 8, Q.Bình Thạnh, TP.HCM', 'Nguyễn Văn An', '0930008880', TRUE, 'ACTIVE'),
('PAT_082', 'BN-2026-0082', 'USR_PAT_082', 'Lê Thanh Linh', '1979-11-27', 'FEMALE', '0921500082', 'bn082@gmail.com', '079100091102', '175 Nguyễn Trãi, Q.Phú Nhuận, TP.HCM', 'Trần Thị Bích', '0930008991', TRUE, 'ACTIVE'),
('PAT_083', 'BN-2026-0083', 'USR_PAT_083', 'Phạm Quang Long', '1979-12-28', 'MALE', '0921500083', 'bn083@gmail.com', '079100092213', '182 Võ Văn Tần, Q.Tân Bình, TP.HCM', 'Lê Văn Cường', '0930009102', TRUE, 'ACTIVE'),
('PAT_084', 'BN-2026-0084', 'USR_PAT_084', 'Hoàng Kim Ngân', '1980-01-01', 'FEMALE', '0921500084', 'bn084@gmail.com', '079100093324', '189 Nam Kỳ Khởi Nghĩa, Q.Gò Vấp, TP.HCM', 'Phạm Thị Dung', '0930009213', TRUE, 'ACTIVE'),
('PAT_085', 'BN-2026-0085', 'USR_PAT_085', 'Huỳnh Tấn Nam', '1980-02-02', 'MALE', '0921500085', 'bn085@gmail.com', '079100094435', '196 Nguyễn Thị Minh Khai, Q.Tân Phú, TP.HCM', 'Hoàng Văn Em', '0930009324', FALSE, 'ACTIVE'),
('PAT_086', 'BN-2026-0086', 'USR_PAT_086', 'Vũ Ánh Phương', '1980-03-03', 'FEMALE', '0921500086', 'bn086@gmail.com', '079100095546', '3 Lê Văn Sỹ, Q.Bình Tân, TP.HCM', 'Huỳnh Thị Phương', '0930009435', TRUE, 'ACTIVE'),
('PAT_087', 'BN-2026-0087', 'USR_PAT_087', 'Võ Xuân Quân', '1981-04-04', 'MALE', '0921500087', 'bn087@gmail.com', '079100096657', '10 Cao Thắng, Q.Thủ Đức, TP.HCM', 'Vũ Văn Giang', '0930009546', TRUE, 'ACTIVE'),
('PAT_088', 'BN-2026-0088', 'USR_PAT_088', 'Đặng Diệu Thảo', '1981-05-05', 'FEMALE', '0921500088', 'bn088@gmail.com', '079100097768', '17 Ba Tháng Hai, Q.12, TP.HCM', 'Võ Thị Hoa', '0930009657', TRUE, 'ACTIVE'),
('PAT_089', 'BN-2026-0089', 'USR_PAT_089', 'Bùi Anh Tài', '1981-06-06', 'MALE', '0921500089', 'bn089@gmail.com', '079100098879', '24 Phan Đình Phùng, Q.2, TP.HCM', 'Đặng Văn Kiên', '0930009768', TRUE, 'ACTIVE'),
('PAT_090', 'BN-2026-0090', 'USR_PAT_090', 'Đỗ Thị Trinh', '1982-07-07', 'FEMALE', '0921500090', 'bn090@gmail.com', '079100099990', '31 Nguyễn Huệ, Q.4, TP.HCM', 'Bùi Thị Lan', '0930009879', FALSE, 'ACTIVE'),
('PAT_091', 'BN-2026-0091', 'USR_PAT_091', 'Hồ Đức Toàn', '1982-08-08', 'MALE', '0921500091', 'bn091@gmail.com', '079100101101', '38 Lê Lợi, Q.6, TP.HCM', 'Đỗ Văn Minh', '0930009990', TRUE, 'ACTIVE'),
('PAT_092', 'BN-2026-0092', 'USR_PAT_092', 'Ngô Thanh Vân', '1982-09-09', 'FEMALE', '0921500092', 'bn092@gmail.com', '079100102212', '45 Trần Hưng Đạo, Q.8, TP.HCM', 'Hồ Thị Ngọc', '0930010101', TRUE, 'ACTIVE'),
('PAT_093', 'BN-2026-0093', 'USR_PAT_093', 'Dương Quang Tuấn', '1982-10-10', 'MALE', '0921500093', 'bn093@gmail.com', '079100103323', '52 Pasteur, Q.9, TP.HCM', 'Ngô Văn Phong', '0930010212', TRUE, 'ACTIVE'),
('PAT_094', 'BN-2026-0094', 'USR_PAT_094', 'Lý Kim Yến', '1983-11-11', 'FEMALE', '0921500094', 'bn094@gmail.com', '079100104434', '59 Hai Bà Trưng, Q.11, TP.HCM', 'Dương Thị Quỳnh', '0930010323', TRUE, 'ACTIVE'),
('PAT_095', 'BN-2026-0095', 'USR_PAT_095', 'Phan Tấn Đức', '1983-12-12', 'MALE', '0921500095', 'bn095@gmail.com', '079100105545', '66 Điện Biên Phủ, Q.1, TP.HCM', 'Lý Văn Sơn', '0930010434', FALSE, 'ACTIVE'),
('PAT_096', 'BN-2026-0096', 'USR_PAT_096', 'Mai Ánh Giang', '1983-01-13', 'FEMALE', '0921500096', 'bn096@gmail.com', '079100106656', '73 Cách Mạng Tháng 8, Q.3, TP.HCM', 'Phan Thị Tâm', '0930010545', TRUE, 'ACTIVE'),
('PAT_097', 'BN-2026-0097', 'USR_PAT_097', 'Tạ Xuân Lâm', '1984-02-14', 'MALE', '0921500097', 'bn097@gmail.com', '079100107767', '80 Nguyễn Trãi, Q.5, TP.HCM', 'Mai Văn Uy', '0930010656', TRUE, 'ACTIVE'),
('PAT_098', 'BN-2026-0098', 'USR_PAT_098', 'Lưu Diệu Thanh', '1984-03-15', 'FEMALE', '0921500098', 'bn098@gmail.com', '079100108878', '87 Võ Văn Tần, Q.7, TP.HCM', 'Tạ Thị Vân', '0930010767', TRUE, 'ACTIVE'),
('PAT_099', 'BN-2026-0099', 'USR_PAT_099', 'Hà Anh Phong', '1984-04-16', 'MALE', '0921500099', 'bn099@gmail.com', '079100109989', '94 Nam Kỳ Khởi Nghĩa, Q.10, TP.HCM', 'Lưu Văn Xuân', '0930010878', TRUE, 'ACTIVE'),
('PAT_100', 'BN-2026-0100', 'USR_PAT_100', 'Nguyễn Thị An', '1985-05-17', 'FEMALE', '0922500100', 'bn100@gmail.com', '079100111100', '101 Nguyễn Thị Minh Khai, Q.Bình Thạnh, TP.HCM', 'Hà Thị Yến', '0930010989', FALSE, 'ACTIVE'),
('PAT_101', 'BN-2026-0101', 'USR_PAT_101', 'Trần Đức Bảo', '1985-06-18', 'MALE', '0922500101', 'bn101@gmail.com', '079100112211', '108 Lê Văn Sỹ, Q.Phú Nhuận, TP.HCM', 'Nguyễn Văn An', '0930011100', TRUE, 'ACTIVE'),
('PAT_102', 'BN-2026-0102', 'USR_PAT_102', 'Lê Thanh Diệu', '1985-07-19', 'FEMALE', '0922500102', 'bn102@gmail.com', '079100113322', '115 Cao Thắng, Q.Tân Bình, TP.HCM', 'Trần Thị Bích', '0930011211', TRUE, 'ACTIVE'),
('PAT_103', 'BN-2026-0103', 'USR_PAT_103', 'Phạm Quang Dũng', '1985-08-20', 'MALE', '0922500103', 'bn103@gmail.com', '079100114433', '122 Ba Tháng Hai, Q.Gò Vấp, TP.HCM', 'Lê Văn Cường', '0930011322', TRUE, 'ACTIVE'),
('PAT_104', 'BN-2026-0104', 'USR_PAT_104', 'Hoàng Kim Hạnh', '1986-09-21', 'FEMALE', '0922500104', 'bn104@gmail.com', '079100115544', '129 Phan Đình Phùng, Q.Tân Phú, TP.HCM', 'Phạm Thị Dung', '0930011433', TRUE, 'ACTIVE'),
('PAT_105', 'BN-2026-0105', 'USR_PAT_105', 'Huỳnh Tấn Hải', '1986-10-22', 'MALE', '0922500105', 'bn105@gmail.com', '079100116655', '136 Nguyễn Huệ, Q.Bình Tân, TP.HCM', 'Hoàng Văn Em', '0930011544', FALSE, 'ACTIVE'),
('PAT_106', 'BN-2026-0106', 'USR_PAT_106', 'Vũ Ánh Lan', '1986-11-23', 'FEMALE', '0922500106', 'bn106@gmail.com', '079100117766', '143 Lê Lợi, Q.Thủ Đức, TP.HCM', 'Huỳnh Thị Phương', '0930011655', TRUE, 'ACTIVE'),
('PAT_107', 'BN-2026-0107', 'USR_PAT_107', 'Võ Xuân Khang', '1987-12-24', 'MALE', '0922500107', 'bn107@gmail.com', '079100118877', '150 Trần Hưng Đạo, Q.12, TP.HCM', 'Vũ Văn Giang', '0930011766', TRUE, 'ACTIVE'),
('PAT_108', 'BN-2026-0108', 'USR_PAT_108', 'Đặng Diệu Mai', '1987-01-25', 'FEMALE', '0922500108', 'bn108@gmail.com', '079100119988', '157 Pasteur, Q.2, TP.HCM', 'Võ Thị Hoa', '0930011877', TRUE, 'ACTIVE'),
('PAT_109', 'BN-2026-0109', 'USR_PAT_109', 'Bùi Anh Minh', '1987-02-26', 'MALE', '0922500109', 'bn109@gmail.com', '079100121099', '164 Hai Bà Trưng, Q.4, TP.HCM', 'Đặng Văn Kiên', '0930011988', TRUE, 'ACTIVE'),
('PAT_110', 'BN-2026-0110', 'USR_PAT_110', 'Đỗ Thị Nhung', '1988-03-27', 'FEMALE', '0922500110', 'bn110@gmail.com', '079100122210', '171 Điện Biên Phủ, Q.6, TP.HCM', 'Bùi Thị Lan', '0930012099', FALSE, 'ACTIVE'),
('PAT_111', 'BN-2026-0111', 'USR_PAT_111', 'Hồ Đức Phúc', '1988-04-28', 'MALE', '0922500111', 'bn111@gmail.com', '079100123321', '178 Cách Mạng Tháng 8, Q.8, TP.HCM', 'Đỗ Văn Minh', '0930012210', TRUE, 'ACTIVE'),
('PAT_112', 'BN-2026-0112', 'USR_PAT_112', 'Ngô Thanh Quỳnh', '1988-05-01', 'FEMALE', '0922500112', 'bn112@gmail.com', '079100124432', '185 Nguyễn Trãi, Q.9, TP.HCM', 'Hồ Thị Ngọc', '0930012321', TRUE, 'ACTIVE'),
('PAT_113', 'BN-2026-0113', 'USR_PAT_113', 'Dương Quang Sơn', '1988-06-02', 'MALE', '0922500113', 'bn113@gmail.com', '079100125543', '192 Võ Văn Tần, Q.11, TP.HCM', 'Ngô Văn Phong', '0930012432', TRUE, 'ACTIVE'),
('PAT_114', 'BN-2026-0114', 'USR_PAT_114', 'Lý Kim Trang', '1989-07-03', 'FEMALE', '0922500114', 'bn114@gmail.com', '079100126654', '199 Nam Kỳ Khởi Nghĩa, Q.1, TP.HCM', 'Dương Thị Quỳnh', '0930012543', TRUE, 'ACTIVE'),
('PAT_115', 'BN-2026-0115', 'USR_PAT_115', 'Phan Tấn Thắng', '1989-08-04', 'MALE', '0922500115', 'bn115@gmail.com', '079100127765', '6 Nguyễn Thị Minh Khai, Q.3, TP.HCM', 'Lý Văn Sơn', '0930012654', FALSE, 'ACTIVE'),
('PAT_116', 'BN-2026-0116', 'USR_PAT_116', 'Mai Ánh Uyên', '1989-09-05', 'FEMALE', '0922500116', 'bn116@gmail.com', '079100128876', '13 Lê Văn Sỹ, Q.5, TP.HCM', 'Phan Thị Tâm', '0930012765', TRUE, 'ACTIVE'),
('PAT_117', 'BN-2026-0117', 'USR_PAT_117', 'Tạ Xuân Trung', '1990-10-06', 'MALE', '0922500117', 'bn117@gmail.com', '079100129987', '20 Cao Thắng, Q.7, TP.HCM', 'Mai Văn Uy', '0930012876', TRUE, 'ACTIVE'),
('PAT_118', 'BN-2026-0118', 'USR_PAT_118', 'Lưu Diệu Xuân', '1990-11-07', 'FEMALE', '0922500118', 'bn118@gmail.com', '079100131098', '27 Ba Tháng Hai, Q.10, TP.HCM', 'Tạ Thị Vân', '0930012987', TRUE, 'ACTIVE'),
('PAT_119', 'BN-2026-0119', 'USR_PAT_119', 'Hà Anh Vinh', '1990-12-08', 'MALE', '0922500119', 'bn119@gmail.com', '079100132209', '34 Phan Đình Phùng, Q.Bình Thạnh, TP.HCM', 'Lưu Văn Xuân', '0930013098', TRUE, 'ACTIVE'),
('PAT_120', 'BN-2026-0120', 'USR_PAT_120', 'Nguyễn Thị Dung', '1991-01-09', 'FEMALE', '0922500120', 'bn120@gmail.com', '079100133320', '41 Nguyễn Huệ, Q.Phú Nhuận, TP.HCM', 'Hà Thị Yến', '0930013209', FALSE, 'ACTIVE'),
('PAT_121', 'BN-2026-0121', 'USR_PAT_121', 'Trần Đức Khôi', '1991-02-10', 'MALE', '0922500121', 'bn121@gmail.com', '079100134431', '48 Lê Lợi, Q.Tân Bình, TP.HCM', 'Nguyễn Văn An', '0930013320', TRUE, 'ACTIVE'),
('PAT_122', 'BN-2026-0122', 'USR_PAT_122', 'Lê Thanh Hiền', '1991-03-11', 'FEMALE', '0922500122', 'bn122@gmail.com', '079100135542', '55 Trần Hưng Đạo, Q.Gò Vấp, TP.HCM', 'Trần Thị Bích', '0930013431', TRUE, 'ACTIVE'),
('PAT_123', 'BN-2026-0123', 'USR_PAT_123', 'Phạm Quang Nhật', '1991-04-12', 'MALE', '0922500123', 'bn123@gmail.com', '079100136653', '62 Pasteur, Q.Tân Phú, TP.HCM', 'Lê Văn Cường', '0930013542', TRUE, 'ACTIVE'),
('PAT_124', 'BN-2026-0124', 'USR_PAT_124', 'Hoàng Kim Bích', '1992-05-13', 'FEMALE', '0922500124', 'bn124@gmail.com', '079100137764', '69 Hai Bà Trưng, Q.Bình Tân, TP.HCM', 'Phạm Thị Dung', '0930013653', TRUE, 'ACTIVE'),
('PAT_125', 'BN-2026-0125', 'USR_PAT_125', 'Huỳnh Tấn Anh', '1992-06-14', 'MALE', '0922500125', 'bn125@gmail.com', '079100138875', '76 Điện Biên Phủ, Q.Thủ Đức, TP.HCM', 'Hoàng Văn Em', '0930013764', FALSE, 'ACTIVE'),
('PAT_126', 'BN-2026-0126', 'USR_PAT_126', 'Vũ Ánh Chi', '1992-07-15', 'FEMALE', '0922500126', 'bn126@gmail.com', '079100139986', '83 Cách Mạng Tháng 8, Q.12, TP.HCM', 'Huỳnh Thị Phương', '0930013875', TRUE, 'ACTIVE'),
('PAT_127', 'BN-2026-0127', 'USR_PAT_127', 'Võ Xuân Cường', '1993-08-16', 'MALE', '0922500127', 'bn127@gmail.com', '079100141097', '90 Nguyễn Trãi, Q.2, TP.HCM', 'Vũ Văn Giang', '0930013986', TRUE, 'ACTIVE'),
('PAT_128', 'BN-2026-0128', 'USR_PAT_128', 'Đặng Diệu Hà', '1993-09-17', 'FEMALE', '0922500128', 'bn128@gmail.com', '079100142208', '97 Võ Văn Tần, Q.4, TP.HCM', 'Võ Thị Hoa', '0930014097', TRUE, 'ACTIVE'),
('PAT_129', 'BN-2026-0129', 'USR_PAT_129', 'Bùi Anh Đạt', '1993-10-18', 'MALE', '0922500129', 'bn129@gmail.com', '079100143319', '104 Nam Kỳ Khởi Nghĩa, Q.6, TP.HCM', 'Đặng Văn Kiên', '0930014208', TRUE, 'ACTIVE'),
('PAT_130', 'BN-2026-0130', 'USR_PAT_130', 'Đỗ Thị Hương', '1994-11-19', 'FEMALE', '0922500130', 'bn130@gmail.com', '079100144430', '111 Nguyễn Thị Minh Khai, Q.8, TP.HCM', 'Bùi Thị Lan', '0930014319', FALSE, 'ACTIVE'),
('PAT_131', 'BN-2026-0131', 'USR_PAT_131', 'Hồ Đức Hùng', '1994-12-20', 'MALE', '0922500131', 'bn131@gmail.com', '079100145541', '118 Lê Văn Sỹ, Q.9, TP.HCM', 'Đỗ Văn Minh', '0930014430', TRUE, 'ACTIVE'),
('PAT_132', 'BN-2026-0132', 'USR_PAT_132', 'Ngô Thanh Linh', '1994-01-21', 'FEMALE', '0922500132', 'bn132@gmail.com', '079100146652', '125 Cao Thắng, Q.11, TP.HCM', 'Hồ Thị Ngọc', '0930014541', TRUE, 'ACTIVE'),
('PAT_133', 'BN-2026-0133', 'USR_PAT_133', 'Dương Quang Long', '1994-02-22', 'MALE', '0922500133', 'bn133@gmail.com', '079100147763', '132 Ba Tháng Hai, Q.1, TP.HCM', 'Ngô Văn Phong', '0930014652', TRUE, 'ACTIVE'),
('PAT_134', 'BN-2026-0134', 'USR_PAT_134', 'Lý Kim Ngân', '1995-03-23', 'FEMALE', '0922500134', 'bn134@gmail.com', '079100148874', '139 Phan Đình Phùng, Q.3, TP.HCM', 'Dương Thị Quỳnh', '0930014763', TRUE, 'ACTIVE'),
('PAT_135', 'BN-2026-0135', 'USR_PAT_135', 'Phan Tấn Nam', '1995-04-24', 'MALE', '0922500135', 'bn135@gmail.com', '079100149985', '146 Nguyễn Huệ, Q.5, TP.HCM', 'Lý Văn Sơn', '0930014874', FALSE, 'ACTIVE'),
('PAT_136', 'BN-2026-0136', 'USR_PAT_136', 'Mai Ánh Phương', '1995-05-25', 'FEMALE', '0922500136', 'bn136@gmail.com', '079100151096', '153 Lê Lợi, Q.7, TP.HCM', 'Phan Thị Tâm', '0930014985', TRUE, 'ACTIVE'),
('PAT_137', 'BN-2026-0137', 'USR_PAT_137', 'Tạ Xuân Quân', '1996-06-26', 'MALE', '0922500137', 'bn137@gmail.com', '079100152207', '160 Trần Hưng Đạo, Q.10, TP.HCM', 'Mai Văn Uy', '0930015096', TRUE, 'ACTIVE'),
('PAT_138', 'BN-2026-0138', 'USR_PAT_138', 'Lưu Diệu Thảo', '1996-07-27', 'FEMALE', '0922500138', 'bn138@gmail.com', '079100153318', '167 Pasteur, Q.Bình Thạnh, TP.HCM', 'Tạ Thị Vân', '0930015207', TRUE, 'ACTIVE'),
('PAT_139', 'BN-2026-0139', 'USR_PAT_139', 'Hà Anh Tài', '1996-08-28', 'MALE', '0922500139', 'bn139@gmail.com', '079100154429', '174 Hai Bà Trưng, Q.Phú Nhuận, TP.HCM', 'Lưu Văn Xuân', '0930015318', TRUE, 'ACTIVE'),
('PAT_140', 'BN-2026-0140', 'USR_PAT_140', 'Nguyễn Thị Trinh', '1997-09-01', 'FEMALE', '0922500140', 'bn140@gmail.com', '079100155540', '181 Điện Biên Phủ, Q.Tân Bình, TP.HCM', 'Hà Thị Yến', '0930015429', FALSE, 'ACTIVE'),
('PAT_141', 'BN-2026-0141', 'USR_PAT_141', 'Trần Đức Toàn', '1997-10-02', 'MALE', '0922500141', 'bn141@gmail.com', '079100156651', '188 Cách Mạng Tháng 8, Q.Gò Vấp, TP.HCM', 'Nguyễn Văn An', '0930015540', TRUE, 'ACTIVE'),
('PAT_142', 'BN-2026-0142', 'USR_PAT_142', 'Lê Thanh Vân', '1997-11-03', 'FEMALE', '0922500142', 'bn142@gmail.com', '079100157762', '195 Nguyễn Trãi, Q.Tân Phú, TP.HCM', 'Trần Thị Bích', '0930015651', TRUE, 'ACTIVE'),
('PAT_143', 'BN-2026-0143', 'USR_PAT_143', 'Phạm Quang Tuấn', '1997-12-04', 'MALE', '0922500143', 'bn143@gmail.com', '079100158873', '2 Võ Văn Tần, Q.Bình Tân, TP.HCM', 'Lê Văn Cường', '0930015762', TRUE, 'ACTIVE'),
('PAT_144', 'BN-2026-0144', 'USR_PAT_144', 'Hoàng Kim Yến', '1998-01-05', 'FEMALE', '0922500144', 'bn144@gmail.com', '079100159984', '9 Nam Kỳ Khởi Nghĩa, Q.Thủ Đức, TP.HCM', 'Phạm Thị Dung', '0930015873', TRUE, 'ACTIVE'),
('PAT_145', 'BN-2026-0145', 'USR_PAT_145', 'Huỳnh Tấn Đức', '1998-02-06', 'MALE', '0922500145', 'bn145@gmail.com', '079100161095', '16 Nguyễn Thị Minh Khai, Q.12, TP.HCM', 'Hoàng Văn Em', '0930015984', FALSE, 'ACTIVE'),
('PAT_146', 'BN-2026-0146', 'USR_PAT_146', 'Vũ Ánh Giang', '1998-03-07', 'FEMALE', '0922500146', 'bn146@gmail.com', '079100162206', '23 Lê Văn Sỹ, Q.2, TP.HCM', 'Huỳnh Thị Phương', '0930016095', TRUE, 'ACTIVE'),
('PAT_147', 'BN-2026-0147', 'USR_PAT_147', 'Võ Xuân Lâm', '1999-04-08', 'MALE', '0922500147', 'bn147@gmail.com', '079100163317', '30 Cao Thắng, Q.4, TP.HCM', 'Vũ Văn Giang', '0930016206', TRUE, 'ACTIVE'),
('PAT_148', 'BN-2026-0148', 'USR_PAT_148', 'Đặng Diệu Thanh', '1999-05-09', 'FEMALE', '0922500148', 'bn148@gmail.com', '079100164428', '37 Ba Tháng Hai, Q.6, TP.HCM', 'Võ Thị Hoa', '0930016317', TRUE, 'ACTIVE'),
('PAT_149', 'BN-2026-0149', 'USR_PAT_149', 'Bùi Anh Phong', '1999-06-10', 'MALE', '0922500149', 'bn149@gmail.com', '079100165539', '44 Phan Đình Phùng, Q.8, TP.HCM', 'Đặng Văn Kiên', '0930016428', TRUE, 'ACTIVE'),
('PAT_150', 'BN-2026-0150', 'USR_PAT_150', 'Đỗ Thị An', '2000-07-11', 'FEMALE', '0923500150', 'bn150@gmail.com', '079100166650', '51 Nguyễn Huệ, Q.9, TP.HCM', 'Bùi Thị Lan', '0930016539', FALSE, 'ACTIVE');

-- *********************************************************************
-- NGƯỜI THÂN / LIÊN HỆ KHẨN CẤP (PATIENT_CONTACTS)
-- Mỗi bệnh nhân có 1-2 người liên hệ
-- *********************************************************************
INSERT INTO patient_contacts (patient_contacts_id, patient_id, relation_type_id, contact_name, phone_number, address, is_emergency_contact, is_legal_representative, medical_decision_note) VALUES
('PC_0001', 'PAT_001', 'REL_FATHER', 'Nguyễn Văn Hùng', '0940000073', '12 Lý Tự Trọng, Q.1, TP.HCM', TRUE, FALSE, 'Liên hệ đầu tiên trong trường hợp khẩn cấp'),
('PC_0002', 'PAT_001', 'REL_UNCLE_AUNT', 'Huỳnh Văn Long', '0940000146', '45 Nguyễn Huệ, Q.3, TP.HCM', FALSE, FALSE, NULL),
('PC_0003', 'PAT_002', 'REL_CHILD', 'Trần Văn Tài', '0940000219', '45 Nguyễn Huệ, Q.3, TP.HCM', TRUE, FALSE, NULL),
('PC_0004', 'PAT_003', 'REL_GRANDCHILD', 'Lê Văn Phúc', '0940000292', '78 Trần Phú, Q.5, TP.HCM', TRUE, FALSE, NULL),
('PC_0005', 'PAT_004', 'REL_COLLEAGUE', 'Phạm Văn Đức', '0940000365', '101 Lê Lợi, Q.7, TP.HCM', TRUE, FALSE, NULL),
('PC_0006', 'PAT_004', 'REL_GRANDPARENT', 'Đặng Văn Tuấn', '0940000438', '234 Hai Bà Trưng, Q.10, TP.HCM', FALSE, FALSE, NULL),
('PC_0007', 'PAT_005', 'REL_MOTHER', 'Hoàng Văn Sơn', '0940000511', '234 Hai Bà Trưng, Q.10, TP.HCM', TRUE, FALSE, NULL),
('PC_0008', 'PAT_006', 'REL_SIBLING', 'Huỳnh Văn Long', '0940000584', '56 Điện Biên Phủ, Q.Bình Thạnh, TP.HCM', TRUE, FALSE, 'Liên hệ đầu tiên trong trường hợp khẩn cấp'),
('PC_0009', 'PAT_007', 'REL_UNCLE_AUNT', 'Vũ Văn Minh', '0940000657', '89 Nguyễn Trãi, Q.Phú Nhuận, TP.HCM', TRUE, FALSE, NULL),
('PC_0010', 'PAT_007', 'REL_CHILD', 'Hồ Văn Quân', '0940000730', '120 Cách Mạng Tháng 8, Q.Tân Bình, TP.HCM', FALSE, FALSE, NULL),
('PC_0011', 'PAT_008', 'REL_GUARDIAN', 'Võ Văn Khang', '0940000803', '120 Cách Mạng Tháng 8, Q.Tân Bình, TP.HCM', TRUE, FALSE, NULL),
('PC_0012', 'PAT_009', 'REL_SPOUSE', 'Đặng Văn Tuấn', '0940000876', '150 Võ Văn Tần, Q.Gò Vấp, TP.HCM', TRUE, FALSE, NULL),
('PC_0013', 'PAT_010', 'REL_GRANDPARENT', 'Bùi Văn Thắng', '0940000949', '200 Phan Đình Phùng, Q.Tân Phú, TP.HCM', TRUE, FALSE, NULL),
('PC_0014', 'PAT_010', 'REL_MOTHER', 'Lý Văn Cường', '0940001022', '12 Lý Tự Trọng, Q.1, TP.HCM', FALSE, FALSE, NULL),
('PC_0015', 'PAT_011', 'REL_FRIEND', 'Đỗ Văn Trung', '0940001095', '12 Lý Tự Trọng, Q.1, TP.HCM', TRUE, FALSE, 'Liên hệ đầu tiên trong trường hợp khẩn cấp'),
('PC_0016', 'PAT_012', 'REL_FATHER', 'Hồ Văn Quân', '0940001168', '45 Nguyễn Huệ, Q.3, TP.HCM', TRUE, FALSE, NULL),
('PC_0017', 'PAT_013', 'REL_CHILD', 'Ngô Văn Phong', '0940001241', '78 Trần Phú, Q.5, TP.HCM', TRUE, FALSE, NULL),
('PC_0018', 'PAT_013', 'REL_GUARDIAN', 'Lê Thị Lan', '0940001314', '101 Lê Lợi, Q.7, TP.HCM', FALSE, FALSE, NULL),
('PC_0019', 'PAT_014', 'REL_GRANDCHILD', 'Dương Văn Lâm', '0940001387', '101 Lê Lợi, Q.7, TP.HCM', TRUE, FALSE, NULL),
('PC_0020', 'PAT_015', 'REL_COLLEAGUE', 'Lý Văn Cường', '0940001460', '234 Hai Bà Trưng, Q.10, TP.HCM', TRUE, FALSE, NULL),
('PC_0021', 'PAT_016', 'REL_MOTHER', 'Nguyễn Thị Hoa', '0940001533', '56 Điện Biên Phủ, Q.Bình Thạnh, TP.HCM', TRUE, FALSE, 'Liên hệ đầu tiên trong trường hợp khẩn cấp'),
('PC_0022', 'PAT_016', 'REL_FRIEND', 'Huỳnh Thị Ngọc', '0940001606', '89 Nguyễn Trãi, Q.Phú Nhuận, TP.HCM', FALSE, FALSE, NULL),
('PC_0023', 'PAT_017', 'REL_SIBLING', 'Trần Thị Mai', '0940001679', '89 Nguyễn Trãi, Q.Phú Nhuận, TP.HCM', TRUE, FALSE, NULL),
('PC_0024', 'PAT_018', 'REL_UNCLE_AUNT', 'Lê Thị Lan', '0940001752', '120 Cách Mạng Tháng 8, Q.Tân Bình, TP.HCM', TRUE, FALSE, NULL),
('PC_0025', 'PAT_019', 'REL_GUARDIAN', 'Phạm Thị Hương', '0940001825', '150 Võ Văn Tần, Q.Gò Vấp, TP.HCM', TRUE, FALSE, NULL),
('PC_0026', 'PAT_019', 'REL_GRANDCHILD', 'Đặng Thị Diệu', '0940001898', '200 Phan Đình Phùng, Q.Tân Phú, TP.HCM', FALSE, FALSE, NULL),
('PC_0027', 'PAT_020', 'REL_SPOUSE', 'Hoàng Thị Yến', '0940001971', '200 Phan Đình Phùng, Q.Tân Phú, TP.HCM', TRUE, FALSE, NULL),
('PC_0028', 'PAT_021', 'REL_GRANDPARENT', 'Huỳnh Thị Ngọc', '0940002044', '12 Lý Tự Trọng, Q.1, TP.HCM', TRUE, FALSE, 'Liên hệ đầu tiên trong trường hợp khẩn cấp'),
('PC_0029', 'PAT_022', 'REL_FRIEND', 'Vũ Thị Phương', '0940002117', '45 Nguyễn Huệ, Q.3, TP.HCM', TRUE, FALSE, NULL),
('PC_0030', 'PAT_022', 'REL_SIBLING', 'Hồ Thị Bích', '0940002190', '78 Trần Phú, Q.5, TP.HCM', FALSE, FALSE, NULL),
('PC_0031', 'PAT_023', 'REL_FATHER', 'Võ Thị Thanh', '0940002263', '78 Trần Phú, Q.5, TP.HCM', TRUE, FALSE, NULL),
('PC_0032', 'PAT_024', 'REL_CHILD', 'Đặng Thị Diệu', '0940002336', '101 Lê Lợi, Q.7, TP.HCM', TRUE, FALSE, NULL),
('PC_0033', 'PAT_025', 'REL_GRANDCHILD', 'Bùi Thị Thảo', '0940002409', '234 Hai Bà Trưng, Q.10, TP.HCM', TRUE, FALSE, NULL),
('PC_0034', 'PAT_025', 'REL_SPOUSE', 'Lý Thị Uyên', '0940002482', '56 Điện Biên Phủ, Q.Bình Thạnh, TP.HCM', FALSE, FALSE, NULL),
('PC_0035', 'PAT_026', 'REL_COLLEAGUE', 'Đỗ Thị Vân', '0940002555', '56 Điện Biên Phủ, Q.Bình Thạnh, TP.HCM', TRUE, FALSE, 'Liên hệ đầu tiên trong trường hợp khẩn cấp'),
('PC_0036', 'PAT_027', 'REL_MOTHER', 'Hồ Thị Bích', '0940002628', '89 Nguyễn Trãi, Q.Phú Nhuận, TP.HCM', TRUE, FALSE, NULL),
('PC_0037', 'PAT_028', 'REL_SIBLING', 'Ngô Thị Quỳnh', '0940002701', '120 Cách Mạng Tháng 8, Q.Tân Bình, TP.HCM', TRUE, FALSE, NULL),
('PC_0038', 'PAT_028', 'REL_FATHER', 'Lê Văn Phúc', '0940002774', '150 Võ Văn Tần, Q.Gò Vấp, TP.HCM', FALSE, FALSE, NULL),
('PC_0039', 'PAT_029', 'REL_UNCLE_AUNT', 'Dương Thị Trang', '0940002847', '150 Võ Văn Tần, Q.Gò Vấp, TP.HCM', TRUE, FALSE, NULL),
('PC_0040', 'PAT_030', 'REL_GUARDIAN', 'Lý Thị Uyên', '0940002920', '200 Phan Đình Phùng, Q.Tân Phú, TP.HCM', TRUE, FALSE, NULL),
('PC_0041', 'PAT_031', 'REL_SPOUSE', 'Nguyễn Văn Hùng', '0940002993', '12 Lý Tự Trọng, Q.1, TP.HCM', TRUE, FALSE, 'Liên hệ đầu tiên trong trường hợp khẩn cấp'),
('PC_0042', 'PAT_031', 'REL_COLLEAGUE', 'Huỳnh Văn Long', '0940003066', '45 Nguyễn Huệ, Q.3, TP.HCM', FALSE, FALSE, NULL),
('PC_0043', 'PAT_032', 'REL_GRANDPARENT', 'Trần Văn Tài', '0940003139', '45 Nguyễn Huệ, Q.3, TP.HCM', TRUE, FALSE, NULL),
('PC_0044', 'PAT_033', 'REL_FRIEND', 'Lê Văn Phúc', '0940003212', '78 Trần Phú, Q.5, TP.HCM', TRUE, FALSE, NULL),
('PC_0045', 'PAT_034', 'REL_FATHER', 'Phạm Văn Đức', '0940003285', '101 Lê Lợi, Q.7, TP.HCM', TRUE, FALSE, NULL),
('PC_0046', 'PAT_034', 'REL_UNCLE_AUNT', 'Đặng Văn Tuấn', '0940003358', '234 Hai Bà Trưng, Q.10, TP.HCM', FALSE, FALSE, NULL),
('PC_0047', 'PAT_035', 'REL_CHILD', 'Hoàng Văn Sơn', '0940003431', '234 Hai Bà Trưng, Q.10, TP.HCM', TRUE, FALSE, NULL),
('PC_0048', 'PAT_036', 'REL_GRANDCHILD', 'Huỳnh Văn Long', '0940003504', '56 Điện Biên Phủ, Q.Bình Thạnh, TP.HCM', TRUE, FALSE, 'Liên hệ đầu tiên trong trường hợp khẩn cấp'),
('PC_0049', 'PAT_037', 'REL_COLLEAGUE', 'Vũ Văn Minh', '0940003577', '89 Nguyễn Trãi, Q.Phú Nhuận, TP.HCM', TRUE, FALSE, NULL),
('PC_0050', 'PAT_037', 'REL_GRANDPARENT', 'Hồ Văn Quân', '0940003650', '120 Cách Mạng Tháng 8, Q.Tân Bình, TP.HCM', FALSE, FALSE, NULL),
('PC_0051', 'PAT_038', 'REL_MOTHER', 'Võ Văn Khang', '0940003723', '120 Cách Mạng Tháng 8, Q.Tân Bình, TP.HCM', TRUE, FALSE, NULL),
('PC_0052', 'PAT_039', 'REL_SIBLING', 'Đặng Văn Tuấn', '0940003796', '150 Võ Văn Tần, Q.Gò Vấp, TP.HCM', TRUE, FALSE, NULL),
('PC_0053', 'PAT_040', 'REL_UNCLE_AUNT', 'Bùi Văn Thắng', '0940003869', '200 Phan Đình Phùng, Q.Tân Phú, TP.HCM', TRUE, FALSE, NULL),
('PC_0054', 'PAT_040', 'REL_CHILD', 'Lý Văn Cường', '0940003942', '12 Lý Tự Trọng, Q.1, TP.HCM', FALSE, FALSE, NULL),
('PC_0055', 'PAT_041', 'REL_GUARDIAN', 'Đỗ Văn Trung', '0940004015', '12 Lý Tự Trọng, Q.1, TP.HCM', TRUE, FALSE, 'Liên hệ đầu tiên trong trường hợp khẩn cấp'),
('PC_0056', 'PAT_042', 'REL_SPOUSE', 'Hồ Văn Quân', '0940004088', '45 Nguyễn Huệ, Q.3, TP.HCM', TRUE, FALSE, NULL),
('PC_0057', 'PAT_043', 'REL_GRANDPARENT', 'Ngô Văn Phong', '0940004161', '78 Trần Phú, Q.5, TP.HCM', TRUE, FALSE, NULL),
('PC_0058', 'PAT_043', 'REL_MOTHER', 'Lê Thị Lan', '0940004234', '101 Lê Lợi, Q.7, TP.HCM', FALSE, FALSE, NULL),
('PC_0059', 'PAT_044', 'REL_FRIEND', 'Dương Văn Lâm', '0940004307', '101 Lê Lợi, Q.7, TP.HCM', TRUE, FALSE, NULL),
('PC_0060', 'PAT_045', 'REL_FATHER', 'Lý Văn Cường', '0940004380', '234 Hai Bà Trưng, Q.10, TP.HCM', TRUE, FALSE, NULL),
('PC_0061', 'PAT_046', 'REL_CHILD', 'Nguyễn Thị Hoa', '0940004453', '56 Điện Biên Phủ, Q.Bình Thạnh, TP.HCM', TRUE, FALSE, 'Liên hệ đầu tiên trong trường hợp khẩn cấp'),
('PC_0062', 'PAT_046', 'REL_GUARDIAN', 'Huỳnh Thị Ngọc', '0940004526', '89 Nguyễn Trãi, Q.Phú Nhuận, TP.HCM', FALSE, FALSE, NULL),
('PC_0063', 'PAT_047', 'REL_GRANDCHILD', 'Trần Thị Mai', '0940004599', '89 Nguyễn Trãi, Q.Phú Nhuận, TP.HCM', TRUE, FALSE, NULL),
('PC_0064', 'PAT_048', 'REL_COLLEAGUE', 'Lê Thị Lan', '0940004672', '120 Cách Mạng Tháng 8, Q.Tân Bình, TP.HCM', TRUE, FALSE, NULL),
('PC_0065', 'PAT_049', 'REL_MOTHER', 'Phạm Thị Hương', '0940004745', '150 Võ Văn Tần, Q.Gò Vấp, TP.HCM', TRUE, FALSE, NULL),
('PC_0066', 'PAT_049', 'REL_FRIEND', 'Đặng Thị Diệu', '0940004818', '200 Phan Đình Phùng, Q.Tân Phú, TP.HCM', FALSE, FALSE, NULL),
('PC_0067', 'PAT_050', 'REL_SIBLING', 'Hoàng Thị Yến', '0940004891', '200 Phan Đình Phùng, Q.Tân Phú, TP.HCM', TRUE, FALSE, NULL),
('PC_0068', 'PAT_051', 'REL_UNCLE_AUNT', 'Huỳnh Thị Ngọc', '0940004964', '12 Lý Tự Trọng, Q.1, TP.HCM', TRUE, FALSE, 'Liên hệ đầu tiên trong trường hợp khẩn cấp'),
('PC_0069', 'PAT_052', 'REL_GUARDIAN', 'Vũ Thị Phương', '0940005037', '45 Nguyễn Huệ, Q.3, TP.HCM', TRUE, FALSE, NULL),
('PC_0070', 'PAT_052', 'REL_GRANDCHILD', 'Hồ Thị Bích', '0940005110', '78 Trần Phú, Q.5, TP.HCM', FALSE, FALSE, NULL),
('PC_0071', 'PAT_053', 'REL_SPOUSE', 'Võ Thị Thanh', '0940005183', '78 Trần Phú, Q.5, TP.HCM', TRUE, FALSE, NULL),
('PC_0072', 'PAT_054', 'REL_GRANDPARENT', 'Đặng Thị Diệu', '0940005256', '101 Lê Lợi, Q.7, TP.HCM', TRUE, FALSE, NULL),
('PC_0073', 'PAT_055', 'REL_FRIEND', 'Bùi Thị Thảo', '0940005329', '234 Hai Bà Trưng, Q.10, TP.HCM', TRUE, FALSE, NULL),
('PC_0074', 'PAT_055', 'REL_SIBLING', 'Lý Thị Uyên', '0940005402', '56 Điện Biên Phủ, Q.Bình Thạnh, TP.HCM', FALSE, FALSE, NULL),
('PC_0075', 'PAT_056', 'REL_FATHER', 'Đỗ Thị Vân', '0940005475', '56 Điện Biên Phủ, Q.Bình Thạnh, TP.HCM', TRUE, FALSE, 'Liên hệ đầu tiên trong trường hợp khẩn cấp'),
('PC_0076', 'PAT_057', 'REL_CHILD', 'Hồ Thị Bích', '0940005548', '89 Nguyễn Trãi, Q.Phú Nhuận, TP.HCM', TRUE, FALSE, NULL),
('PC_0077', 'PAT_058', 'REL_GRANDCHILD', 'Ngô Thị Quỳnh', '0940005621', '120 Cách Mạng Tháng 8, Q.Tân Bình, TP.HCM', TRUE, FALSE, NULL),
('PC_0078', 'PAT_058', 'REL_SPOUSE', 'Lê Văn Phúc', '0940005694', '150 Võ Văn Tần, Q.Gò Vấp, TP.HCM', FALSE, FALSE, NULL),
('PC_0079', 'PAT_059', 'REL_COLLEAGUE', 'Dương Thị Trang', '0940005767', '150 Võ Văn Tần, Q.Gò Vấp, TP.HCM', TRUE, FALSE, NULL),
('PC_0080', 'PAT_060', 'REL_MOTHER', 'Lý Thị Uyên', '0940005840', '200 Phan Đình Phùng, Q.Tân Phú, TP.HCM', TRUE, FALSE, NULL),
('PC_0081', 'PAT_061', 'REL_SIBLING', 'Nguyễn Văn Hùng', '0940005913', '12 Lý Tự Trọng, Q.1, TP.HCM', TRUE, FALSE, 'Liên hệ đầu tiên trong trường hợp khẩn cấp'),
('PC_0082', 'PAT_061', 'REL_FATHER', 'Huỳnh Văn Long', '0940005986', '45 Nguyễn Huệ, Q.3, TP.HCM', FALSE, FALSE, NULL),
('PC_0083', 'PAT_062', 'REL_UNCLE_AUNT', 'Trần Văn Tài', '0940006059', '45 Nguyễn Huệ, Q.3, TP.HCM', TRUE, FALSE, NULL),
('PC_0084', 'PAT_063', 'REL_GUARDIAN', 'Lê Văn Phúc', '0940006132', '78 Trần Phú, Q.5, TP.HCM', TRUE, FALSE, NULL),
('PC_0085', 'PAT_064', 'REL_SPOUSE', 'Phạm Văn Đức', '0940006205', '101 Lê Lợi, Q.7, TP.HCM', TRUE, FALSE, NULL),
('PC_0086', 'PAT_064', 'REL_COLLEAGUE', 'Đặng Văn Tuấn', '0940006278', '234 Hai Bà Trưng, Q.10, TP.HCM', FALSE, FALSE, NULL),
('PC_0087', 'PAT_065', 'REL_GRANDPARENT', 'Hoàng Văn Sơn', '0940006351', '234 Hai Bà Trưng, Q.10, TP.HCM', TRUE, FALSE, NULL),
('PC_0088', 'PAT_066', 'REL_FRIEND', 'Huỳnh Văn Long', '0940006424', '56 Điện Biên Phủ, Q.Bình Thạnh, TP.HCM', TRUE, FALSE, 'Liên hệ đầu tiên trong trường hợp khẩn cấp'),
('PC_0089', 'PAT_067', 'REL_FATHER', 'Vũ Văn Minh', '0940006497', '89 Nguyễn Trãi, Q.Phú Nhuận, TP.HCM', TRUE, FALSE, NULL),
('PC_0090', 'PAT_067', 'REL_UNCLE_AUNT', 'Hồ Văn Quân', '0940006570', '120 Cách Mạng Tháng 8, Q.Tân Bình, TP.HCM', FALSE, FALSE, NULL),
('PC_0091', 'PAT_068', 'REL_CHILD', 'Võ Văn Khang', '0940006643', '120 Cách Mạng Tháng 8, Q.Tân Bình, TP.HCM', TRUE, FALSE, NULL),
('PC_0092', 'PAT_069', 'REL_GRANDCHILD', 'Đặng Văn Tuấn', '0940006716', '150 Võ Văn Tần, Q.Gò Vấp, TP.HCM', TRUE, FALSE, NULL),
('PC_0093', 'PAT_070', 'REL_COLLEAGUE', 'Bùi Văn Thắng', '0940006789', '200 Phan Đình Phùng, Q.Tân Phú, TP.HCM', TRUE, FALSE, NULL),
('PC_0094', 'PAT_070', 'REL_GRANDPARENT', 'Lý Văn Cường', '0940006862', '12 Lý Tự Trọng, Q.1, TP.HCM', FALSE, FALSE, NULL),
('PC_0095', 'PAT_071', 'REL_MOTHER', 'Đỗ Văn Trung', '0940006935', '12 Lý Tự Trọng, Q.1, TP.HCM', TRUE, FALSE, 'Liên hệ đầu tiên trong trường hợp khẩn cấp'),
('PC_0096', 'PAT_072', 'REL_SIBLING', 'Hồ Văn Quân', '0940007008', '45 Nguyễn Huệ, Q.3, TP.HCM', TRUE, FALSE, NULL),
('PC_0097', 'PAT_073', 'REL_UNCLE_AUNT', 'Ngô Văn Phong', '0940007081', '78 Trần Phú, Q.5, TP.HCM', TRUE, FALSE, NULL),
('PC_0098', 'PAT_073', 'REL_CHILD', 'Lê Thị Lan', '0940007154', '101 Lê Lợi, Q.7, TP.HCM', FALSE, FALSE, NULL),
('PC_0099', 'PAT_074', 'REL_GUARDIAN', 'Dương Văn Lâm', '0940007227', '101 Lê Lợi, Q.7, TP.HCM', TRUE, FALSE, NULL),
('PC_0100', 'PAT_075', 'REL_SPOUSE', 'Lý Văn Cường', '0940007300', '234 Hai Bà Trưng, Q.10, TP.HCM', TRUE, FALSE, NULL),
('PC_0101', 'PAT_076', 'REL_GRANDPARENT', 'Nguyễn Thị Hoa', '0940007373', '56 Điện Biên Phủ, Q.Bình Thạnh, TP.HCM', TRUE, FALSE, 'Liên hệ đầu tiên trong trường hợp khẩn cấp'),
('PC_0102', 'PAT_076', 'REL_MOTHER', 'Huỳnh Thị Ngọc', '0940007446', '89 Nguyễn Trãi, Q.Phú Nhuận, TP.HCM', FALSE, FALSE, NULL),
('PC_0103', 'PAT_077', 'REL_FRIEND', 'Trần Thị Mai', '0940007519', '89 Nguyễn Trãi, Q.Phú Nhuận, TP.HCM', TRUE, FALSE, NULL),
('PC_0104', 'PAT_078', 'REL_FATHER', 'Lê Thị Lan', '0940007592', '120 Cách Mạng Tháng 8, Q.Tân Bình, TP.HCM', TRUE, FALSE, NULL),
('PC_0105', 'PAT_079', 'REL_CHILD', 'Phạm Thị Hương', '0940007665', '150 Võ Văn Tần, Q.Gò Vấp, TP.HCM', TRUE, FALSE, NULL),
('PC_0106', 'PAT_079', 'REL_GUARDIAN', 'Đặng Thị Diệu', '0940007738', '200 Phan Đình Phùng, Q.Tân Phú, TP.HCM', FALSE, FALSE, NULL),
('PC_0107', 'PAT_080', 'REL_GRANDCHILD', 'Hoàng Thị Yến', '0940007811', '200 Phan Đình Phùng, Q.Tân Phú, TP.HCM', TRUE, FALSE, NULL),
('PC_0108', 'PAT_081', 'REL_COLLEAGUE', 'Huỳnh Thị Ngọc', '0940007884', '12 Lý Tự Trọng, Q.1, TP.HCM', TRUE, FALSE, 'Liên hệ đầu tiên trong trường hợp khẩn cấp'),
('PC_0109', 'PAT_082', 'REL_MOTHER', 'Vũ Thị Phương', '0940007957', '45 Nguyễn Huệ, Q.3, TP.HCM', TRUE, FALSE, NULL),
('PC_0110', 'PAT_082', 'REL_FRIEND', 'Hồ Thị Bích', '0940008030', '78 Trần Phú, Q.5, TP.HCM', FALSE, FALSE, NULL),
('PC_0111', 'PAT_083', 'REL_SIBLING', 'Võ Thị Thanh', '0940008103', '78 Trần Phú, Q.5, TP.HCM', TRUE, FALSE, NULL),
('PC_0112', 'PAT_084', 'REL_UNCLE_AUNT', 'Đặng Thị Diệu', '0940008176', '101 Lê Lợi, Q.7, TP.HCM', TRUE, FALSE, NULL),
('PC_0113', 'PAT_085', 'REL_GUARDIAN', 'Bùi Thị Thảo', '0940008249', '234 Hai Bà Trưng, Q.10, TP.HCM', TRUE, FALSE, NULL),
('PC_0114', 'PAT_085', 'REL_GRANDCHILD', 'Lý Thị Uyên', '0940008322', '56 Điện Biên Phủ, Q.Bình Thạnh, TP.HCM', FALSE, FALSE, NULL),
('PC_0115', 'PAT_086', 'REL_SPOUSE', 'Đỗ Thị Vân', '0940008395', '56 Điện Biên Phủ, Q.Bình Thạnh, TP.HCM', TRUE, FALSE, 'Liên hệ đầu tiên trong trường hợp khẩn cấp'),
('PC_0116', 'PAT_087', 'REL_GRANDPARENT', 'Hồ Thị Bích', '0940008468', '89 Nguyễn Trãi, Q.Phú Nhuận, TP.HCM', TRUE, FALSE, NULL),
('PC_0117', 'PAT_088', 'REL_FRIEND', 'Ngô Thị Quỳnh', '0940008541', '120 Cách Mạng Tháng 8, Q.Tân Bình, TP.HCM', TRUE, FALSE, NULL),
('PC_0118', 'PAT_088', 'REL_SIBLING', 'Lê Văn Phúc', '0940008614', '150 Võ Văn Tần, Q.Gò Vấp, TP.HCM', FALSE, FALSE, NULL),
('PC_0119', 'PAT_089', 'REL_FATHER', 'Dương Thị Trang', '0940008687', '150 Võ Văn Tần, Q.Gò Vấp, TP.HCM', TRUE, FALSE, NULL),
('PC_0120', 'PAT_090', 'REL_CHILD', 'Lý Thị Uyên', '0940008760', '200 Phan Đình Phùng, Q.Tân Phú, TP.HCM', TRUE, FALSE, NULL),
('PC_0121', 'PAT_091', 'REL_GRANDCHILD', 'Nguyễn Văn Hùng', '0940008833', '12 Lý Tự Trọng, Q.1, TP.HCM', TRUE, FALSE, 'Liên hệ đầu tiên trong trường hợp khẩn cấp'),
('PC_0122', 'PAT_091', 'REL_SPOUSE', 'Huỳnh Văn Long', '0940008906', '45 Nguyễn Huệ, Q.3, TP.HCM', FALSE, FALSE, NULL),
('PC_0123', 'PAT_092', 'REL_COLLEAGUE', 'Trần Văn Tài', '0940008979', '45 Nguyễn Huệ, Q.3, TP.HCM', TRUE, FALSE, NULL),
('PC_0124', 'PAT_093', 'REL_MOTHER', 'Lê Văn Phúc', '0940009052', '78 Trần Phú, Q.5, TP.HCM', TRUE, FALSE, NULL),
('PC_0125', 'PAT_094', 'REL_SIBLING', 'Phạm Văn Đức', '0940009125', '101 Lê Lợi, Q.7, TP.HCM', TRUE, FALSE, NULL),
('PC_0126', 'PAT_094', 'REL_FATHER', 'Đặng Văn Tuấn', '0940009198', '234 Hai Bà Trưng, Q.10, TP.HCM', FALSE, FALSE, NULL),
('PC_0127', 'PAT_095', 'REL_UNCLE_AUNT', 'Hoàng Văn Sơn', '0940009271', '234 Hai Bà Trưng, Q.10, TP.HCM', TRUE, FALSE, NULL),
('PC_0128', 'PAT_096', 'REL_GUARDIAN', 'Huỳnh Văn Long', '0940009344', '56 Điện Biên Phủ, Q.Bình Thạnh, TP.HCM', TRUE, FALSE, 'Liên hệ đầu tiên trong trường hợp khẩn cấp'),
('PC_0129', 'PAT_097', 'REL_SPOUSE', 'Vũ Văn Minh', '0940009417', '89 Nguyễn Trãi, Q.Phú Nhuận, TP.HCM', TRUE, FALSE, NULL),
('PC_0130', 'PAT_097', 'REL_COLLEAGUE', 'Hồ Văn Quân', '0940009490', '120 Cách Mạng Tháng 8, Q.Tân Bình, TP.HCM', FALSE, FALSE, NULL),
('PC_0131', 'PAT_098', 'REL_GRANDPARENT', 'Võ Văn Khang', '0940009563', '120 Cách Mạng Tháng 8, Q.Tân Bình, TP.HCM', TRUE, FALSE, NULL),
('PC_0132', 'PAT_099', 'REL_FRIEND', 'Đặng Văn Tuấn', '0940009636', '150 Võ Văn Tần, Q.Gò Vấp, TP.HCM', TRUE, FALSE, NULL),
('PC_0133', 'PAT_100', 'REL_FATHER', 'Bùi Văn Thắng', '0940009709', '200 Phan Đình Phùng, Q.Tân Phú, TP.HCM', TRUE, FALSE, NULL),
('PC_0134', 'PAT_100', 'REL_UNCLE_AUNT', 'Lý Văn Cường', '0940009782', '12 Lý Tự Trọng, Q.1, TP.HCM', FALSE, FALSE, NULL),
('PC_0135', 'PAT_101', 'REL_CHILD', 'Đỗ Văn Trung', '0940009855', '12 Lý Tự Trọng, Q.1, TP.HCM', TRUE, FALSE, 'Liên hệ đầu tiên trong trường hợp khẩn cấp'),
('PC_0136', 'PAT_102', 'REL_GRANDCHILD', 'Hồ Văn Quân', '0940009928', '45 Nguyễn Huệ, Q.3, TP.HCM', TRUE, FALSE, NULL),
('PC_0137', 'PAT_103', 'REL_COLLEAGUE', 'Ngô Văn Phong', '0940010001', '78 Trần Phú, Q.5, TP.HCM', TRUE, FALSE, NULL),
('PC_0138', 'PAT_103', 'REL_GRANDPARENT', 'Lê Thị Lan', '0940010074', '101 Lê Lợi, Q.7, TP.HCM', FALSE, FALSE, NULL),
('PC_0139', 'PAT_104', 'REL_MOTHER', 'Dương Văn Lâm', '0940010147', '101 Lê Lợi, Q.7, TP.HCM', TRUE, FALSE, NULL),
('PC_0140', 'PAT_105', 'REL_SIBLING', 'Lý Văn Cường', '0940010220', '234 Hai Bà Trưng, Q.10, TP.HCM', TRUE, FALSE, NULL),
('PC_0141', 'PAT_106', 'REL_UNCLE_AUNT', 'Nguyễn Thị Hoa', '0940010293', '56 Điện Biên Phủ, Q.Bình Thạnh, TP.HCM', TRUE, FALSE, 'Liên hệ đầu tiên trong trường hợp khẩn cấp'),
('PC_0142', 'PAT_106', 'REL_CHILD', 'Huỳnh Thị Ngọc', '0940010366', '89 Nguyễn Trãi, Q.Phú Nhuận, TP.HCM', FALSE, FALSE, NULL),
('PC_0143', 'PAT_107', 'REL_GUARDIAN', 'Trần Thị Mai', '0940010439', '89 Nguyễn Trãi, Q.Phú Nhuận, TP.HCM', TRUE, FALSE, NULL),
('PC_0144', 'PAT_108', 'REL_SPOUSE', 'Lê Thị Lan', '0940010512', '120 Cách Mạng Tháng 8, Q.Tân Bình, TP.HCM', TRUE, FALSE, NULL),
('PC_0145', 'PAT_109', 'REL_GRANDPARENT', 'Phạm Thị Hương', '0940010585', '150 Võ Văn Tần, Q.Gò Vấp, TP.HCM', TRUE, FALSE, NULL),
('PC_0146', 'PAT_109', 'REL_MOTHER', 'Đặng Thị Diệu', '0940010658', '200 Phan Đình Phùng, Q.Tân Phú, TP.HCM', FALSE, FALSE, NULL),
('PC_0147', 'PAT_110', 'REL_FRIEND', 'Hoàng Thị Yến', '0940010731', '200 Phan Đình Phùng, Q.Tân Phú, TP.HCM', TRUE, FALSE, NULL),
('PC_0148', 'PAT_111', 'REL_FATHER', 'Huỳnh Thị Ngọc', '0940010804', '12 Lý Tự Trọng, Q.1, TP.HCM', TRUE, FALSE, 'Liên hệ đầu tiên trong trường hợp khẩn cấp'),
('PC_0149', 'PAT_112', 'REL_CHILD', 'Vũ Thị Phương', '0940010877', '45 Nguyễn Huệ, Q.3, TP.HCM', TRUE, FALSE, NULL),
('PC_0150', 'PAT_112', 'REL_GUARDIAN', 'Hồ Thị Bích', '0940010950', '78 Trần Phú, Q.5, TP.HCM', FALSE, FALSE, NULL),
('PC_0151', 'PAT_113', 'REL_GRANDCHILD', 'Võ Thị Thanh', '0940011023', '78 Trần Phú, Q.5, TP.HCM', TRUE, FALSE, NULL),
('PC_0152', 'PAT_114', 'REL_COLLEAGUE', 'Đặng Thị Diệu', '0940011096', '101 Lê Lợi, Q.7, TP.HCM', TRUE, FALSE, NULL),
('PC_0153', 'PAT_115', 'REL_MOTHER', 'Bùi Thị Thảo', '0940011169', '234 Hai Bà Trưng, Q.10, TP.HCM', TRUE, FALSE, NULL),
('PC_0154', 'PAT_115', 'REL_FRIEND', 'Lý Thị Uyên', '0940011242', '56 Điện Biên Phủ, Q.Bình Thạnh, TP.HCM', FALSE, FALSE, NULL),
('PC_0155', 'PAT_116', 'REL_SIBLING', 'Đỗ Thị Vân', '0940011315', '56 Điện Biên Phủ, Q.Bình Thạnh, TP.HCM', TRUE, FALSE, 'Liên hệ đầu tiên trong trường hợp khẩn cấp'),
('PC_0156', 'PAT_117', 'REL_UNCLE_AUNT', 'Hồ Thị Bích', '0940011388', '89 Nguyễn Trãi, Q.Phú Nhuận, TP.HCM', TRUE, FALSE, NULL),
('PC_0157', 'PAT_118', 'REL_GUARDIAN', 'Ngô Thị Quỳnh', '0940011461', '120 Cách Mạng Tháng 8, Q.Tân Bình, TP.HCM', TRUE, FALSE, NULL),
('PC_0158', 'PAT_118', 'REL_GRANDCHILD', 'Lê Văn Phúc', '0940011534', '150 Võ Văn Tần, Q.Gò Vấp, TP.HCM', FALSE, FALSE, NULL),
('PC_0159', 'PAT_119', 'REL_SPOUSE', 'Dương Thị Trang', '0940011607', '150 Võ Văn Tần, Q.Gò Vấp, TP.HCM', TRUE, FALSE, NULL),
('PC_0160', 'PAT_120', 'REL_GRANDPARENT', 'Lý Thị Uyên', '0940011680', '200 Phan Đình Phùng, Q.Tân Phú, TP.HCM', TRUE, FALSE, NULL),
('PC_0161', 'PAT_121', 'REL_FRIEND', 'Nguyễn Văn Hùng', '0940011753', '12 Lý Tự Trọng, Q.1, TP.HCM', TRUE, FALSE, 'Liên hệ đầu tiên trong trường hợp khẩn cấp'),
('PC_0162', 'PAT_121', 'REL_SIBLING', 'Huỳnh Văn Long', '0940011826', '45 Nguyễn Huệ, Q.3, TP.HCM', FALSE, FALSE, NULL),
('PC_0163', 'PAT_122', 'REL_FATHER', 'Trần Văn Tài', '0940011899', '45 Nguyễn Huệ, Q.3, TP.HCM', TRUE, FALSE, NULL),
('PC_0164', 'PAT_123', 'REL_CHILD', 'Lê Văn Phúc', '0940011972', '78 Trần Phú, Q.5, TP.HCM', TRUE, FALSE, NULL),
('PC_0165', 'PAT_124', 'REL_GRANDCHILD', 'Phạm Văn Đức', '0940012045', '101 Lê Lợi, Q.7, TP.HCM', TRUE, FALSE, NULL),
('PC_0166', 'PAT_124', 'REL_SPOUSE', 'Đặng Văn Tuấn', '0940012118', '234 Hai Bà Trưng, Q.10, TP.HCM', FALSE, FALSE, NULL),
('PC_0167', 'PAT_125', 'REL_COLLEAGUE', 'Hoàng Văn Sơn', '0940012191', '234 Hai Bà Trưng, Q.10, TP.HCM', TRUE, FALSE, NULL),
('PC_0168', 'PAT_126', 'REL_MOTHER', 'Huỳnh Văn Long', '0940012264', '56 Điện Biên Phủ, Q.Bình Thạnh, TP.HCM', TRUE, FALSE, 'Liên hệ đầu tiên trong trường hợp khẩn cấp'),
('PC_0169', 'PAT_127', 'REL_SIBLING', 'Vũ Văn Minh', '0940012337', '89 Nguyễn Trãi, Q.Phú Nhuận, TP.HCM', TRUE, FALSE, NULL),
('PC_0170', 'PAT_127', 'REL_FATHER', 'Hồ Văn Quân', '0940012410', '120 Cách Mạng Tháng 8, Q.Tân Bình, TP.HCM', FALSE, FALSE, NULL),
('PC_0171', 'PAT_128', 'REL_UNCLE_AUNT', 'Võ Văn Khang', '0940012483', '120 Cách Mạng Tháng 8, Q.Tân Bình, TP.HCM', TRUE, FALSE, NULL),
('PC_0172', 'PAT_129', 'REL_GUARDIAN', 'Đặng Văn Tuấn', '0940012556', '150 Võ Văn Tần, Q.Gò Vấp, TP.HCM', TRUE, FALSE, NULL),
('PC_0173', 'PAT_130', 'REL_SPOUSE', 'Bùi Văn Thắng', '0940012629', '200 Phan Đình Phùng, Q.Tân Phú, TP.HCM', TRUE, FALSE, NULL),
('PC_0174', 'PAT_130', 'REL_COLLEAGUE', 'Lý Văn Cường', '0940012702', '12 Lý Tự Trọng, Q.1, TP.HCM', FALSE, FALSE, NULL),
('PC_0175', 'PAT_131', 'REL_GRANDPARENT', 'Đỗ Văn Trung', '0940012775', '12 Lý Tự Trọng, Q.1, TP.HCM', TRUE, FALSE, 'Liên hệ đầu tiên trong trường hợp khẩn cấp'),
('PC_0176', 'PAT_132', 'REL_FRIEND', 'Hồ Văn Quân', '0940012848', '45 Nguyễn Huệ, Q.3, TP.HCM', TRUE, FALSE, NULL),
('PC_0177', 'PAT_133', 'REL_FATHER', 'Ngô Văn Phong', '0940012921', '78 Trần Phú, Q.5, TP.HCM', TRUE, FALSE, NULL),
('PC_0178', 'PAT_133', 'REL_UNCLE_AUNT', 'Lê Thị Lan', '0940012994', '101 Lê Lợi, Q.7, TP.HCM', FALSE, FALSE, NULL),
('PC_0179', 'PAT_134', 'REL_CHILD', 'Dương Văn Lâm', '0940013067', '101 Lê Lợi, Q.7, TP.HCM', TRUE, FALSE, NULL),
('PC_0180', 'PAT_135', 'REL_GRANDCHILD', 'Lý Văn Cường', '0940013140', '234 Hai Bà Trưng, Q.10, TP.HCM', TRUE, FALSE, NULL),
('PC_0181', 'PAT_136', 'REL_COLLEAGUE', 'Nguyễn Thị Hoa', '0940013213', '56 Điện Biên Phủ, Q.Bình Thạnh, TP.HCM', TRUE, FALSE, 'Liên hệ đầu tiên trong trường hợp khẩn cấp'),
('PC_0182', 'PAT_136', 'REL_GRANDPARENT', 'Huỳnh Thị Ngọc', '0940013286', '89 Nguyễn Trãi, Q.Phú Nhuận, TP.HCM', FALSE, FALSE, NULL),
('PC_0183', 'PAT_137', 'REL_MOTHER', 'Trần Thị Mai', '0940013359', '89 Nguyễn Trãi, Q.Phú Nhuận, TP.HCM', TRUE, FALSE, NULL),
('PC_0184', 'PAT_138', 'REL_SIBLING', 'Lê Thị Lan', '0940013432', '120 Cách Mạng Tháng 8, Q.Tân Bình, TP.HCM', TRUE, FALSE, NULL),
('PC_0185', 'PAT_139', 'REL_UNCLE_AUNT', 'Phạm Thị Hương', '0940013505', '150 Võ Văn Tần, Q.Gò Vấp, TP.HCM', TRUE, FALSE, NULL),
('PC_0186', 'PAT_139', 'REL_CHILD', 'Đặng Thị Diệu', '0940013578', '200 Phan Đình Phùng, Q.Tân Phú, TP.HCM', FALSE, FALSE, NULL),
('PC_0187', 'PAT_140', 'REL_GUARDIAN', 'Hoàng Thị Yến', '0940013651', '200 Phan Đình Phùng, Q.Tân Phú, TP.HCM', TRUE, FALSE, NULL),
('PC_0188', 'PAT_141', 'REL_SPOUSE', 'Huỳnh Thị Ngọc', '0940013724', '12 Lý Tự Trọng, Q.1, TP.HCM', TRUE, TRUE, 'Người giám hộ hợp pháp, có quyền quyết định y tế thay cho bệnh nhân'),
('PC_0189', 'PAT_142', 'REL_GRANDPARENT', 'Vũ Thị Phương', '0940013797', '45 Nguyễn Huệ, Q.3, TP.HCM', TRUE, TRUE, 'Người giám hộ hợp pháp, có quyền quyết định y tế thay cho bệnh nhân'),
('PC_0190', 'PAT_142', 'REL_MOTHER', 'Hồ Thị Bích', '0940013870', '78 Trần Phú, Q.5, TP.HCM', FALSE, FALSE, NULL),
('PC_0191', 'PAT_143', 'REL_FRIEND', 'Võ Thị Thanh', '0940013943', '78 Trần Phú, Q.5, TP.HCM', TRUE, TRUE, 'Người giám hộ hợp pháp, có quyền quyết định y tế thay cho bệnh nhân'),
('PC_0192', 'PAT_144', 'REL_FATHER', 'Đặng Thị Diệu', '0940014016', '101 Lê Lợi, Q.7, TP.HCM', TRUE, TRUE, 'Người giám hộ hợp pháp, có quyền quyết định y tế thay cho bệnh nhân'),
('PC_0193', 'PAT_145', 'REL_CHILD', 'Bùi Thị Thảo', '0940014089', '234 Hai Bà Trưng, Q.10, TP.HCM', TRUE, TRUE, 'Người giám hộ hợp pháp, có quyền quyết định y tế thay cho bệnh nhân'),
('PC_0194', 'PAT_145', 'REL_GUARDIAN', 'Lý Thị Uyên', '0940014162', '56 Điện Biên Phủ, Q.Bình Thạnh, TP.HCM', FALSE, FALSE, NULL),
('PC_0195', 'PAT_146', 'REL_GRANDCHILD', 'Đỗ Thị Vân', '0940014235', '56 Điện Biên Phủ, Q.Bình Thạnh, TP.HCM', TRUE, TRUE, 'Người giám hộ hợp pháp, có quyền quyết định y tế thay cho bệnh nhân'),
('PC_0196', 'PAT_147', 'REL_COLLEAGUE', 'Hồ Thị Bích', '0940014308', '89 Nguyễn Trãi, Q.Phú Nhuận, TP.HCM', TRUE, TRUE, 'Người giám hộ hợp pháp, có quyền quyết định y tế thay cho bệnh nhân'),
('PC_0197', 'PAT_148', 'REL_MOTHER', 'Ngô Thị Quỳnh', '0940014381', '120 Cách Mạng Tháng 8, Q.Tân Bình, TP.HCM', TRUE, TRUE, 'Người giám hộ hợp pháp, có quyền quyết định y tế thay cho bệnh nhân'),
('PC_0198', 'PAT_148', 'REL_FRIEND', 'Lê Văn Phúc', '0940014454', '150 Võ Văn Tần, Q.Gò Vấp, TP.HCM', FALSE, FALSE, NULL),
('PC_0199', 'PAT_149', 'REL_SIBLING', 'Dương Thị Trang', '0940014527', '150 Võ Văn Tần, Q.Gò Vấp, TP.HCM', TRUE, TRUE, 'Người giám hộ hợp pháp, có quyền quyết định y tế thay cho bệnh nhân'),
('PC_0200', 'PAT_150', 'REL_UNCLE_AUNT', 'Lý Thị Uyên', '0940014600', '200 Phan Đình Phùng, Q.Tân Phú, TP.HCM', TRUE, TRUE, 'Người giám hộ hợp pháp, có quyền quyết định y tế thay cho bệnh nhân');

-- *********************************************************************
-- BẢO HIỂM BỆNH NHÂN (PATIENT_INSURANCES)
-- ~120 BN có BHYT, ~30 BN có thêm BH tư nhân
-- Số thẻ BHYT: HS4079XXXXXXXXX (format chuẩn BHXH VN)
-- *********************************************************************
INSERT INTO patient_insurances (patient_insurances_id, patient_id, insurance_type, insurance_number, start_date, end_date, coverage_percent, is_primary, document_url, provider_id) VALUES
('PINS_0001', 'PAT_001', 'STATE', 'HS40790000010000', '2025-01-01', '2025-12-31', 95, TRUE, NULL, 'INS_BHYT'),
('PINS_0002', 'PAT_001', 'PRIVATE', 'PRI-BAOVIET-020000', '2025-01-01', '2025-12-31', 70, FALSE, NULL, 'INS_BAOVIET'),
('PINS_0003', 'PAT_002', 'STATE', 'HS40790000010001', '2025-01-01', '2025-12-31', 95, TRUE, NULL, 'INS_BHXH_HCM'),
('PINS_0004', 'PAT_003', 'STATE', 'HS40790000010002', '2025-01-01', '2025-12-31', 95, TRUE, NULL, 'INS_BHYT'),
('PINS_0005', 'PAT_004', 'STATE', 'HS40790000010003', '2025-01-01', '2025-12-31', 95, TRUE, NULL, 'INS_BHXH_HCM'),
('PINS_0006', 'PAT_006', 'STATE', 'HS40790000010005', '2025-01-01', '2025-12-31', 95, TRUE, NULL, 'INS_BHXH_HCM'),
('PINS_0007', 'PAT_007', 'STATE', 'HS40790000010006', '2025-01-01', '2025-12-31', 95, TRUE, NULL, 'INS_BHYT'),
('PINS_0008', 'PAT_007', 'PRIVATE', 'PRI-MICS-020006', '2025-01-01', '2025-12-31', 70, FALSE, NULL, 'INS_MICS'),
('PINS_0009', 'PAT_008', 'STATE', 'HS40790000010007', '2025-01-01', '2025-12-31', 95, TRUE, NULL, 'INS_BHXH_HCM'),
('PINS_0010', 'PAT_009', 'STATE', 'HS40790000010008', '2025-01-01', '2025-12-31', 95, TRUE, NULL, 'INS_BHYT'),
('PINS_0011', 'PAT_011', 'STATE', 'HS40790000010010', '2025-01-01', '2025-12-31', 95, TRUE, NULL, 'INS_BHYT'),
('PINS_0012', 'PAT_012', 'STATE', 'HS40790000010011', '2025-01-01', '2025-12-31', 95, TRUE, NULL, 'INS_BHXH_HCM'),
('PINS_0013', 'PAT_013', 'STATE', 'HS40790000010012', '2025-01-01', '2025-12-31', 95, TRUE, NULL, 'INS_BHYT'),
('PINS_0014', 'PAT_013', 'PRIVATE', 'PRI-DAIICHI-020012', '2025-01-01', '2025-12-31', 70, FALSE, NULL, 'INS_DAIICHI'),
('PINS_0015', 'PAT_014', 'STATE', 'HS40790000010013', '2025-01-01', '2025-12-31', 95, TRUE, NULL, 'INS_BHXH_HCM'),
('PINS_0016', 'PAT_016', 'STATE', 'HS40790000010015', '2025-01-01', '2025-12-31', 95, TRUE, NULL, 'INS_BHXH_HCM'),
('PINS_0017', 'PAT_017', 'STATE', 'HS40790000010016', '2025-01-01', '2025-12-31', 95, TRUE, NULL, 'INS_BHYT'),
('PINS_0018', 'PAT_018', 'STATE', 'HS40790000010017', '2025-01-01', '2025-12-31', 95, TRUE, NULL, 'INS_BHXH_HCM'),
('PINS_0019', 'PAT_019', 'STATE', 'HS40790000010018', '2025-01-01', '2025-12-31', 95, TRUE, NULL, 'INS_BHYT'),
('PINS_0020', 'PAT_019', 'PRIVATE', 'PRI-MANULIFE-020018', '2025-01-01', '2025-12-31', 70, FALSE, NULL, 'INS_MANULIFE'),
('PINS_0021', 'PAT_021', 'STATE', 'HS40790000010020', '2025-01-01', '2025-12-31', 80, TRUE, NULL, 'INS_BHYT'),
('PINS_0022', 'PAT_022', 'STATE', 'HS40790000010021', '2025-01-01', '2025-12-31', 80, TRUE, NULL, 'INS_BHXH_HCM'),
('PINS_0023', 'PAT_023', 'STATE', 'HS40790000010022', '2025-01-01', '2025-12-31', 80, TRUE, NULL, 'INS_BHYT'),
('PINS_0024', 'PAT_024', 'STATE', 'HS40790000010023', '2025-01-01', '2025-12-31', 80, TRUE, NULL, 'INS_BHXH_HCM'),
('PINS_0025', 'PAT_026', 'STATE', 'HS40790000010025', '2025-01-01', '2025-12-31', 80, TRUE, NULL, 'INS_BHXH_HCM'),
('PINS_0026', 'PAT_027', 'STATE', 'HS40790000010026', '2025-01-01', '2025-12-31', 80, TRUE, NULL, 'INS_BHYT'),
('PINS_0027', 'PAT_028', 'STATE', 'HS40790000010027', '2025-01-01', '2025-12-31', 80, TRUE, NULL, 'INS_BHXH_HCM'),
('PINS_0028', 'PAT_029', 'STATE', 'HS40790000010028', '2025-01-01', '2025-12-31', 80, TRUE, NULL, 'INS_BHYT'),
('PINS_0029', 'PAT_031', 'STATE', 'HS40790000010030', '2025-01-01', '2025-12-31', 80, TRUE, NULL, 'INS_BHYT'),
('PINS_0030', 'PAT_031', 'PRIVATE', 'PRI-MICS-020030', '2025-01-01', '2025-12-31', 70, FALSE, NULL, 'INS_MICS'),
('PINS_0031', 'PAT_032', 'STATE', 'HS40790000010031', '2025-01-01', '2025-12-31', 80, TRUE, NULL, 'INS_BHXH_HCM'),
('PINS_0032', 'PAT_033', 'STATE', 'HS40790000010032', '2025-01-01', '2025-12-31', 80, TRUE, NULL, 'INS_BHYT'),
('PINS_0033', 'PAT_034', 'STATE', 'HS40790000010033', '2025-01-01', '2025-12-31', 80, TRUE, NULL, 'INS_BHXH_HCM'),
('PINS_0034', 'PAT_036', 'STATE', 'HS40790000010035', '2025-01-01', '2025-12-31', 80, TRUE, NULL, 'INS_BHXH_HCM'),
('PINS_0035', 'PAT_037', 'STATE', 'HS40790000010036', '2025-01-01', '2025-12-31', 80, TRUE, NULL, 'INS_BHYT'),
('PINS_0036', 'PAT_037', 'PRIVATE', 'PRI-DAIICHI-020036', '2025-01-01', '2025-12-31', 70, FALSE, NULL, 'INS_DAIICHI'),
('PINS_0037', 'PAT_038', 'STATE', 'HS40790000010037', '2025-01-01', '2025-12-31', 80, TRUE, NULL, 'INS_BHXH_HCM'),
('PINS_0038', 'PAT_039', 'STATE', 'HS40790000010038', '2025-01-01', '2025-12-31', 80, TRUE, NULL, 'INS_BHYT'),
('PINS_0039', 'PAT_041', 'STATE', 'HS40790000010040', '2025-01-01', '2025-12-31', 80, TRUE, NULL, 'INS_BHYT'),
('PINS_0040', 'PAT_042', 'STATE', 'HS40790000010041', '2025-01-01', '2025-12-31', 80, TRUE, NULL, 'INS_BHXH_HCM'),
('PINS_0041', 'PAT_043', 'STATE', 'HS40790000010042', '2025-01-01', '2025-12-31', 80, TRUE, NULL, 'INS_BHYT'),
('PINS_0042', 'PAT_043', 'PRIVATE', 'PRI-MANULIFE-020042', '2025-01-01', '2025-12-31', 70, FALSE, NULL, 'INS_MANULIFE'),
('PINS_0043', 'PAT_044', 'STATE', 'HS40790000010043', '2025-01-01', '2025-12-31', 80, TRUE, NULL, 'INS_BHXH_HCM'),
('PINS_0044', 'PAT_046', 'STATE', 'HS40790000010045', '2025-01-01', '2025-12-31', 80, TRUE, NULL, 'INS_BHXH_HCM'),
('PINS_0045', 'PAT_047', 'STATE', 'HS40790000010046', '2025-01-01', '2025-12-31', 80, TRUE, NULL, 'INS_BHYT'),
('PINS_0046', 'PAT_048', 'STATE', 'HS40790000010047', '2025-01-01', '2025-12-31', 80, TRUE, NULL, 'INS_BHXH_HCM'),
('PINS_0047', 'PAT_049', 'STATE', 'HS40790000010048', '2025-01-01', '2025-12-31', 80, TRUE, NULL, 'INS_BHYT'),
('PINS_0048', 'PAT_049', 'PRIVATE', 'PRI-BAOVIET-020048', '2025-01-01', '2025-12-31', 70, FALSE, NULL, 'INS_BAOVIET'),
('PINS_0049', 'PAT_051', 'STATE', 'HS40790000010050', '2025-01-01', '2025-12-31', 80, TRUE, NULL, 'INS_BHYT'),
('PINS_0050', 'PAT_052', 'STATE', 'HS40790000010051', '2025-01-01', '2025-12-31', 80, TRUE, NULL, 'INS_BHXH_HCM'),
('PINS_0051', 'PAT_053', 'STATE', 'HS40790000010052', '2025-01-01', '2025-12-31', 80, TRUE, NULL, 'INS_BHYT'),
('PINS_0052', 'PAT_054', 'STATE', 'HS40790000010053', '2025-01-01', '2025-12-31', 80, TRUE, NULL, 'INS_BHXH_HCM'),
('PINS_0053', 'PAT_056', 'STATE', 'HS40790000010055', '2025-01-01', '2025-12-31', 80, TRUE, NULL, 'INS_BHXH_HCM'),
('PINS_0054', 'PAT_057', 'STATE', 'HS40790000010056', '2025-01-01', '2025-12-31', 80, TRUE, NULL, 'INS_BHYT'),
('PINS_0055', 'PAT_058', 'STATE', 'HS40790000010057', '2025-01-01', '2025-12-31', 80, TRUE, NULL, 'INS_BHXH_HCM'),
('PINS_0056', 'PAT_059', 'STATE', 'HS40790000010058', '2025-01-01', '2025-12-31', 80, TRUE, NULL, 'INS_BHYT'),
('PINS_0057', 'PAT_061', 'STATE', 'HS40790000010060', '2025-01-01', '2025-12-31', 80, TRUE, NULL, 'INS_BHYT'),
('PINS_0058', 'PAT_061', 'PRIVATE', 'PRI-DAIICHI-020060', '2025-01-01', '2025-12-31', 70, FALSE, NULL, 'INS_DAIICHI'),
('PINS_0059', 'PAT_062', 'STATE', 'HS40790000010061', '2025-01-01', '2025-12-31', 80, TRUE, NULL, 'INS_BHXH_HCM'),
('PINS_0060', 'PAT_063', 'STATE', 'HS40790000010062', '2025-01-01', '2025-12-31', 80, TRUE, NULL, 'INS_BHYT'),
('PINS_0061', 'PAT_064', 'STATE', 'HS40790000010063', '2025-01-01', '2025-12-31', 80, TRUE, NULL, 'INS_BHXH_HCM'),
('PINS_0062', 'PAT_066', 'STATE', 'HS40790000010065', '2025-01-01', '2025-12-31', 80, TRUE, NULL, 'INS_BHXH_HCM'),
('PINS_0063', 'PAT_067', 'STATE', 'HS40790000010066', '2025-01-01', '2025-12-31', 80, TRUE, NULL, 'INS_BHYT'),
('PINS_0064', 'PAT_067', 'PRIVATE', 'PRI-MANULIFE-020066', '2025-01-01', '2025-12-31', 70, FALSE, NULL, 'INS_MANULIFE'),
('PINS_0065', 'PAT_068', 'STATE', 'HS40790000010067', '2025-01-01', '2025-12-31', 80, TRUE, NULL, 'INS_BHXH_HCM'),
('PINS_0066', 'PAT_069', 'STATE', 'HS40790000010068', '2025-01-01', '2025-12-31', 80, TRUE, NULL, 'INS_BHYT'),
('PINS_0067', 'PAT_071', 'STATE', 'HS40790000010070', '2025-01-01', '2025-12-31', 80, TRUE, NULL, 'INS_BHYT'),
('PINS_0068', 'PAT_072', 'STATE', 'HS40790000010071', '2025-01-01', '2025-12-31', 80, TRUE, NULL, 'INS_BHXH_HCM'),
('PINS_0069', 'PAT_073', 'STATE', 'HS40790000010072', '2025-01-01', '2025-12-31', 80, TRUE, NULL, 'INS_BHYT'),
('PINS_0070', 'PAT_073', 'PRIVATE', 'PRI-BAOVIET-020072', '2025-01-01', '2025-12-31', 70, FALSE, NULL, 'INS_BAOVIET'),
('PINS_0071', 'PAT_074', 'STATE', 'HS40790000010073', '2025-01-01', '2025-12-31', 80, TRUE, NULL, 'INS_BHXH_HCM'),
('PINS_0072', 'PAT_076', 'STATE', 'HS40790000010075', '2025-01-01', '2025-12-31', 80, TRUE, NULL, 'INS_BHXH_HCM'),
('PINS_0073', 'PAT_077', 'STATE', 'HS40790000010076', '2025-01-01', '2025-12-31', 80, TRUE, NULL, 'INS_BHYT'),
('PINS_0074', 'PAT_078', 'STATE', 'HS40790000010077', '2025-01-01', '2025-12-31', 80, TRUE, NULL, 'INS_BHXH_HCM'),
('PINS_0075', 'PAT_079', 'STATE', 'HS40790000010078', '2025-01-01', '2025-12-31', 80, TRUE, NULL, 'INS_BHYT'),
('PINS_0076', 'PAT_079', 'PRIVATE', 'PRI-MICS-020078', '2025-01-01', '2025-12-31', 70, FALSE, NULL, 'INS_MICS'),
('PINS_0077', 'PAT_081', 'STATE', 'HS40790000010080', '2025-01-01', '2025-12-31', 80, TRUE, NULL, 'INS_BHYT'),
('PINS_0078', 'PAT_082', 'STATE', 'HS40790000010081', '2025-01-01', '2025-12-31', 80, TRUE, NULL, 'INS_BHXH_HCM'),
('PINS_0079', 'PAT_083', 'STATE', 'HS40790000010082', '2025-01-01', '2025-12-31', 80, TRUE, NULL, 'INS_BHYT'),
('PINS_0080', 'PAT_084', 'STATE', 'HS40790000010083', '2025-01-01', '2025-12-31', 80, TRUE, NULL, 'INS_BHXH_HCM'),
('PINS_0081', 'PAT_086', 'STATE', 'HS40790000010085', '2025-01-01', '2025-12-31', 80, TRUE, NULL, 'INS_BHXH_HCM'),
('PINS_0082', 'PAT_087', 'STATE', 'HS40790000010086', '2025-01-01', '2025-12-31', 80, TRUE, NULL, 'INS_BHYT'),
('PINS_0083', 'PAT_088', 'STATE', 'HS40790000010087', '2025-01-01', '2025-12-31', 80, TRUE, NULL, 'INS_BHXH_HCM'),
('PINS_0084', 'PAT_089', 'STATE', 'HS40790000010088', '2025-01-01', '2025-12-31', 80, TRUE, NULL, 'INS_BHYT'),
('PINS_0085', 'PAT_091', 'STATE', 'HS40790000010090', '2025-01-01', '2025-12-31', 80, TRUE, NULL, 'INS_BHYT'),
('PINS_0086', 'PAT_091', 'PRIVATE', 'PRI-MANULIFE-020090', '2025-01-01', '2025-12-31', 70, FALSE, NULL, 'INS_MANULIFE'),
('PINS_0087', 'PAT_092', 'STATE', 'HS40790000010091', '2025-01-01', '2025-12-31', 80, TRUE, NULL, 'INS_BHXH_HCM'),
('PINS_0088', 'PAT_093', 'STATE', 'HS40790000010092', '2025-01-01', '2025-12-31', 80, TRUE, NULL, 'INS_BHYT'),
('PINS_0089', 'PAT_094', 'STATE', 'HS40790000010093', '2025-01-01', '2025-12-31', 80, TRUE, NULL, 'INS_BHXH_HCM'),
('PINS_0090', 'PAT_096', 'STATE', 'HS40790000010095', '2025-01-01', '2025-12-31', 80, TRUE, NULL, 'INS_BHXH_HCM'),
('PINS_0091', 'PAT_097', 'STATE', 'HS40790000010096', '2025-01-01', '2025-12-31', 80, TRUE, NULL, 'INS_BHYT'),
('PINS_0092', 'PAT_097', 'PRIVATE', 'PRI-BAOVIET-020096', '2025-01-01', '2025-12-31', 70, FALSE, NULL, 'INS_BAOVIET'),
('PINS_0093', 'PAT_098', 'STATE', 'HS40790000010097', '2025-01-01', '2025-12-31', 80, TRUE, NULL, 'INS_BHXH_HCM'),
('PINS_0094', 'PAT_099', 'STATE', 'HS40790000010098', '2025-01-01', '2025-12-31', 80, TRUE, NULL, 'INS_BHYT'),
('PINS_0095', 'PAT_101', 'STATE', 'HS40790000010100', '2025-01-01', '2025-12-31', 80, TRUE, NULL, 'INS_BHYT'),
('PINS_0096', 'PAT_102', 'STATE', 'HS40790000010101', '2025-01-01', '2025-12-31', 80, TRUE, NULL, 'INS_BHXH_HCM'),
('PINS_0097', 'PAT_103', 'STATE', 'HS40790000010102', '2025-01-01', '2025-12-31', 80, TRUE, NULL, 'INS_BHYT'),
('PINS_0098', 'PAT_103', 'PRIVATE', 'PRI-MICS-020102', '2025-01-01', '2025-12-31', 70, FALSE, NULL, 'INS_MICS'),
('PINS_0099', 'PAT_104', 'STATE', 'HS40790000010103', '2025-01-01', '2025-12-31', 80, TRUE, NULL, 'INS_BHXH_HCM'),
('PINS_0100', 'PAT_106', 'STATE', 'HS40790000010105', '2025-01-01', '2025-12-31', 80, TRUE, NULL, 'INS_BHXH_HCM'),
('PINS_0101', 'PAT_107', 'STATE', 'HS40790000010106', '2025-01-01', '2025-12-31', 80, TRUE, NULL, 'INS_BHYT'),
('PINS_0102', 'PAT_108', 'STATE', 'HS40790000010107', '2025-01-01', '2025-12-31', 80, TRUE, NULL, 'INS_BHXH_HCM'),
('PINS_0103', 'PAT_109', 'STATE', 'HS40790000010108', '2025-01-01', '2025-12-31', 80, TRUE, NULL, 'INS_BHYT'),
('PINS_0104', 'PAT_109', 'PRIVATE', 'PRI-DAIICHI-020108', '2025-01-01', '2025-12-31', 70, FALSE, NULL, 'INS_DAIICHI'),
('PINS_0105', 'PAT_111', 'STATE', 'HS40790000010110', '2025-01-01', '2025-12-31', 80, TRUE, NULL, 'INS_BHYT'),
('PINS_0106', 'PAT_112', 'STATE', 'HS40790000010111', '2025-01-01', '2025-12-31', 80, TRUE, NULL, 'INS_BHXH_HCM'),
('PINS_0107', 'PAT_113', 'STATE', 'HS40790000010112', '2025-01-01', '2025-12-31', 80, TRUE, NULL, 'INS_BHYT'),
('PINS_0108', 'PAT_114', 'STATE', 'HS40790000010113', '2025-01-01', '2025-12-31', 80, TRUE, NULL, 'INS_BHXH_HCM'),
('PINS_0109', 'PAT_116', 'STATE', 'HS40790000010115', '2025-01-01', '2025-12-31', 80, TRUE, NULL, 'INS_BHXH_HCM'),
('PINS_0110', 'PAT_117', 'STATE', 'HS40790000010116', '2025-01-01', '2025-12-31', 80, TRUE, NULL, 'INS_BHYT'),
('PINS_0111', 'PAT_118', 'STATE', 'HS40790000010117', '2025-01-01', '2025-12-31', 80, TRUE, NULL, 'INS_BHXH_HCM'),
('PINS_0112', 'PAT_119', 'STATE', 'HS40790000010118', '2025-01-01', '2025-12-31', 80, TRUE, NULL, 'INS_BHYT'),
('PINS_0113', 'PAT_121', 'STATE', 'HS40790000010120', '2025-01-01', '2025-12-31', 80, TRUE, NULL, 'INS_BHYT'),
('PINS_0114', 'PAT_121', 'PRIVATE', 'PRI-BAOVIET-020120', '2025-01-01', '2025-12-31', 70, FALSE, NULL, 'INS_BAOVIET'),
('PINS_0115', 'PAT_122', 'STATE', 'HS40790000010121', '2025-01-01', '2025-12-31', 80, TRUE, NULL, 'INS_BHXH_HCM'),
('PINS_0116', 'PAT_123', 'STATE', 'HS40790000010122', '2025-01-01', '2025-12-31', 80, TRUE, NULL, 'INS_BHYT'),
('PINS_0117', 'PAT_124', 'STATE', 'HS40790000010123', '2025-01-01', '2025-12-31', 80, TRUE, NULL, 'INS_BHXH_HCM'),
('PINS_0118', 'PAT_126', 'STATE', 'HS40790000010125', '2025-01-01', '2025-12-31', 80, TRUE, NULL, 'INS_BHXH_HCM'),
('PINS_0119', 'PAT_127', 'STATE', 'HS40790000010126', '2025-01-01', '2025-12-31', 80, TRUE, NULL, 'INS_BHYT'),
('PINS_0120', 'PAT_127', 'PRIVATE', 'PRI-MICS-020126', '2025-01-01', '2025-12-31', 70, FALSE, NULL, 'INS_MICS'),
('PINS_0121', 'PAT_128', 'STATE', 'HS40790000010127', '2025-01-01', '2025-12-31', 80, TRUE, NULL, 'INS_BHXH_HCM'),
('PINS_0122', 'PAT_129', 'STATE', 'HS40790000010128', '2025-01-01', '2025-12-31', 80, TRUE, NULL, 'INS_BHYT'),
('PINS_0123', 'PAT_131', 'STATE', 'HS40790000010130', '2025-01-01', '2025-12-31', 80, TRUE, NULL, 'INS_BHYT'),
('PINS_0124', 'PAT_132', 'STATE', 'HS40790000010131', '2025-01-01', '2025-12-31', 80, TRUE, NULL, 'INS_BHXH_HCM'),
('PINS_0125', 'PAT_133', 'STATE', 'HS40790000010132', '2025-01-01', '2025-12-31', 80, TRUE, NULL, 'INS_BHYT'),
('PINS_0126', 'PAT_133', 'PRIVATE', 'PRI-DAIICHI-020132', '2025-01-01', '2025-12-31', 70, FALSE, NULL, 'INS_DAIICHI'),
('PINS_0127', 'PAT_134', 'STATE', 'HS40790000010133', '2025-01-01', '2025-12-31', 80, TRUE, NULL, 'INS_BHXH_HCM'),
('PINS_0128', 'PAT_136', 'STATE', 'HS40790000010135', '2025-01-01', '2025-12-31', 80, TRUE, NULL, 'INS_BHXH_HCM'),
('PINS_0129', 'PAT_137', 'STATE', 'HS40790000010136', '2025-01-01', '2025-12-31', 80, TRUE, NULL, 'INS_BHYT'),
('PINS_0130', 'PAT_138', 'STATE', 'HS40790000010137', '2025-01-01', '2025-12-31', 80, TRUE, NULL, 'INS_BHXH_HCM'),
('PINS_0131', 'PAT_139', 'STATE', 'HS40790000010138', '2025-01-01', '2025-12-31', 80, TRUE, NULL, 'INS_BHYT'),
('PINS_0132', 'PAT_139', 'PRIVATE', 'PRI-MANULIFE-020138', '2025-01-01', '2025-12-31', 70, FALSE, NULL, 'INS_MANULIFE'),
('PINS_0133', 'PAT_141', 'STATE', 'HS40790000010140', '2025-01-01', '2025-12-31', 100, TRUE, NULL, 'INS_BHYT'),
('PINS_0134', 'PAT_142', 'STATE', 'HS40790000010141', '2025-01-01', '2025-12-31', 100, TRUE, NULL, 'INS_BHXH_HCM'),
('PINS_0135', 'PAT_143', 'STATE', 'HS40790000010142', '2025-01-01', '2025-12-31', 100, TRUE, NULL, 'INS_BHYT'),
('PINS_0136', 'PAT_144', 'STATE', 'HS40790000010143', '2025-01-01', '2025-12-31', 100, TRUE, NULL, 'INS_BHXH_HCM'),
('PINS_0137', 'PAT_146', 'STATE', 'HS40790000010145', '2025-01-01', '2025-12-31', 100, TRUE, NULL, 'INS_BHXH_HCM'),
('PINS_0138', 'PAT_147', 'STATE', 'HS40790000010146', '2025-01-01', '2025-12-31', 100, TRUE, NULL, 'INS_BHYT'),
('PINS_0139', 'PAT_148', 'STATE', 'HS40790000010147', '2025-01-01', '2025-12-31', 100, TRUE, NULL, 'INS_BHXH_HCM'),
('PINS_0140', 'PAT_149', 'STATE', 'HS40790000010148', '2025-01-01', '2025-12-31', 100, TRUE, NULL, 'INS_BHYT');

-- *********************************************************************
-- TIỀN SỬ BỆNH LÝ (PATIENT_MEDICAL_HISTORIES)
-- ~60 bệnh nhân có tiền sử bệnh (40%), mỗi BN 1-3 bệnh lý
-- history_type: PERSONAL (bản thân), FAMILY (gia đình)
-- Mã bệnh theo ICD-10
-- *********************************************************************
INSERT INTO patient_medical_histories (patient_medical_histories_id, patient_id, condition_code, condition_name, history_type, diagnosis_date, status, notes, reported_by) VALUES
('PMH_0001', 'PAT_001', 'I10', 'Tăng huyết áp nguyên phát', 'PERSONAL', '2020-03-15', 'ACTIVE', 'Đang điều trị thuốc hạ áp hàng ngày. Theo dõi HA định kỳ mỗi tháng.', 'USR_DOC_01'),
('PMH_0002', 'PAT_001', 'E11', 'Đái tháo đường type 2', 'PERSONAL', '2021-06-10', 'ACTIVE', 'Kiểm soát bằng Metformin 500mg x 2 lần/ngày. HbA1c gần nhất: 7.2%.', 'USR_DOC_01'),
('PMH_0003', 'PAT_001', 'E78', 'Rối loạn lipid máu', 'PERSONAL', '2019-11-20', 'ACTIVE', 'Cholesterol TP cao. Đang dùng Atorvastatin 20mg tối.', 'USR_DOC_01'),
('PMH_0004', 'PAT_002', 'E78', 'Rối loạn lipid máu', 'PERSONAL', '2021-06-10', 'ACTIVE', 'Cholesterol TP cao. Đang dùng Atorvastatin 20mg tối.', 'USR_DOC_02'),
('PMH_0005', 'PAT_004', 'K21', 'Trào ngược dạ dày-thực quản (GERD)', 'PERSONAL', '2019-11-20', 'ACTIVE', 'Triệu chứng ợ nóng tái phát. Đang dùng Omeprazole 20mg trước ăn sáng.', 'USR_DOC_03'),
('PMH_0006', 'PAT_005', 'G43', 'Đau nửa đầu Migraine', 'PERSONAL', '2022-01-05', 'ACTIVE', 'Migraine có aura, tần suất 2-3 lần/tháng. Dùng Sumatriptan khi cơn.', 'USR_DOC_04'),
('PMH_0007', 'PAT_005', 'N39', 'Nhiễm trùng đường tiết niệu tái phát', 'PERSONAL', '2023-04-18', 'RESOLVED', 'Đã điều trị kháng sinh 7 ngày, hết triệu chứng. Cần uống nhiều nước.', 'USR_DOC_04'),
('PMH_0008', 'PAT_007', 'J06', 'Viêm đường hô hấp trên cấp', 'PERSONAL', '2023-04-18', 'RESOLVED', 'Đã khỏi sau 5 ngày điều trị triệu chứng.', 'USR_DOC_05'),
('PMH_0009', 'PAT_008', 'I10', 'Tăng huyết áp (gia đình)', 'FAMILY', '2018-08-22', 'ACTIVE', 'Cha mắc tăng huyết áp từ năm 50 tuổi, đang điều trị.', 'USR_DOC_06'),
('PMH_0010', 'PAT_008', 'E11', 'Đái tháo đường (gia đình)', 'FAMILY', '2024-02-14', 'ACTIVE', 'Mẹ bị đái tháo đường type 2, phát hiện năm 55 tuổi.', 'USR_DOC_06'),
('PMH_0011', 'PAT_008', 'C50', 'Ung thư vú (gia đình)', 'FAMILY', '2017-12-01', 'ACTIVE', 'Dì ruột chẩn đoán ung thư vú năm 2019. Cần tầm soát định kỳ.', 'USR_DOC_06'),
('PMH_0012', 'PAT_010', 'C50', 'Ung thư vú (gia đình)', 'FAMILY', '2024-02-14', 'ACTIVE', 'Dì ruột chẩn đoán ung thư vú năm 2019. Cần tầm soát định kỳ.', 'USR_DOC_07'),
('PMH_0013', 'PAT_010', 'I25', 'Bệnh mạch vành (gia đình)', 'FAMILY', '2017-12-01', 'ACTIVE', 'Ông nội đột quỵ năm 65 tuổi. Cần theo dõi yếu tố nguy cơ tim mạch.', 'USR_DOC_07'),
('PMH_0014', 'PAT_011', 'K80', 'Sỏi mật (đã phẫu thuật)', 'PERSONAL', '2017-12-01', 'RESOLVED', 'Đã cắt túi mật nội soi năm 2023. Hậu phẫu tốt, không biến chứng.', 'USR_DOC_08'),
('PMH_0015', 'PAT_013', 'E11', 'Đái tháo đường type 2', 'PERSONAL', '2023-09-30', 'ACTIVE', 'Kiểm soát bằng Metformin 500mg x 2 lần/ngày. HbA1c gần nhất: 7.2%.', 'USR_DOC_09'),
('PMH_0016', 'PAT_014', 'J45', 'Hen phế quản', 'PERSONAL', '2025-05-12', 'ACTIVE', 'Hen nhẹ dai dẳng. Sử dụng Salbutamol khi cần. Tránh khói bụi, thời tiết lạnh.', 'USR_DOC_10'),
('PMH_0017', 'PAT_014', 'K21', 'Trào ngược dạ dày-thực quản (GERD)', 'PERSONAL', '2020-03-15', 'ACTIVE', 'Triệu chứng ợ nóng tái phát. Đang dùng Omeprazole 20mg trước ăn sáng.', 'USR_DOC_10'),
('PMH_0018', 'PAT_016', 'M54', 'Đau lưng (Thoái hóa cột sống thắt lưng)', 'PERSONAL', '2020-03-15', 'ACTIVE', 'Thoái hóa L4-L5. Vật lý trị liệu kết hợp thuốc giảm đau khi đau.', 'USR_DOC_01'),
('PMH_0019', 'PAT_016', 'G43', 'Đau nửa đầu Migraine', 'PERSONAL', '2021-06-10', 'ACTIVE', 'Migraine có aura, tần suất 2-3 lần/tháng. Dùng Sumatriptan khi cơn.', 'USR_DOC_01'),
('PMH_0020', 'PAT_016', 'N39', 'Nhiễm trùng đường tiết niệu tái phát', 'PERSONAL', '2019-11-20', 'RESOLVED', 'Đã điều trị kháng sinh 7 ngày, hết triệu chứng. Cần uống nhiều nước.', 'USR_DOC_01'),
('PMH_0021', 'PAT_017', 'N39', 'Nhiễm trùng đường tiết niệu tái phát', 'PERSONAL', '2021-06-10', 'RESOLVED', 'Đã điều trị kháng sinh 7 ngày, hết triệu chứng. Cần uống nhiều nước.', 'USR_DOC_02'),
('PMH_0022', 'PAT_019', 'B18', 'Viêm gan siêu vi B mạn tính', 'PERSONAL', '2019-11-20', 'ACTIVE', 'HBsAg(+), HBeAg(-), viral load thấp. Theo dõi men gan mỗi 6 tháng.', 'USR_DOC_03'),
('PMH_0023', 'PAT_019', 'I10', 'Tăng huyết áp (gia đình)', 'FAMILY', '2022-01-05', 'ACTIVE', 'Cha mắc tăng huyết áp từ năm 50 tuổi, đang điều trị.', 'USR_DOC_03'),
('PMH_0024', 'PAT_020', 'E11', 'Đái tháo đường (gia đình)', 'FAMILY', '2022-01-05', 'ACTIVE', 'Mẹ bị đái tháo đường type 2, phát hiện năm 55 tuổi.', 'USR_DOC_04'),
('PMH_0025', 'PAT_022', 'I25', 'Bệnh mạch vành (gia đình)', 'FAMILY', '2023-04-18', 'ACTIVE', 'Ông nội đột quỵ năm 65 tuổi. Cần theo dõi yếu tố nguy cơ tim mạch.', 'USR_DOC_05'),
('PMH_0026', 'PAT_023', 'I10', 'Tăng huyết áp nguyên phát', 'PERSONAL', '2018-08-22', 'ACTIVE', 'Đang điều trị thuốc hạ áp hàng ngày. Theo dõi HA định kỳ mỗi tháng.', 'USR_DOC_06'),
('PMH_0027', 'PAT_023', 'E11', 'Đái tháo đường type 2', 'PERSONAL', '2024-02-14', 'ACTIVE', 'Kiểm soát bằng Metformin 500mg x 2 lần/ngày. HbA1c gần nhất: 7.2%.', 'USR_DOC_06'),
('PMH_0028', 'PAT_023', 'E78', 'Rối loạn lipid máu', 'PERSONAL', '2017-12-01', 'ACTIVE', 'Cholesterol TP cao. Đang dùng Atorvastatin 20mg tối.', 'USR_DOC_06'),
('PMH_0029', 'PAT_025', 'E78', 'Rối loạn lipid máu', 'PERSONAL', '2024-02-14', 'ACTIVE', 'Cholesterol TP cao. Đang dùng Atorvastatin 20mg tối.', 'USR_DOC_07'),
('PMH_0030', 'PAT_026', 'K21', 'Trào ngược dạ dày-thực quản (GERD)', 'PERSONAL', '2017-12-01', 'ACTIVE', 'Triệu chứng ợ nóng tái phát. Đang dùng Omeprazole 20mg trước ăn sáng.', 'USR_DOC_08'),
('PMH_0031', 'PAT_028', 'G43', 'Đau nửa đầu Migraine', 'PERSONAL', '2023-09-30', 'ACTIVE', 'Migraine có aura, tần suất 2-3 lần/tháng. Dùng Sumatriptan khi cơn.', 'USR_DOC_09'),
('PMH_0032', 'PAT_028', 'N39', 'Nhiễm trùng đường tiết niệu tái phát', 'PERSONAL', '2025-05-12', 'RESOLVED', 'Đã điều trị kháng sinh 7 ngày, hết triệu chứng. Cần uống nhiều nước.', 'USR_DOC_09'),
('PMH_0033', 'PAT_029', 'J06', 'Viêm đường hô hấp trên cấp', 'PERSONAL', '2025-05-12', 'RESOLVED', 'Đã khỏi sau 5 ngày điều trị triệu chứng.', 'USR_DOC_10'),
('PMH_0034', 'PAT_031', 'I10', 'Tăng huyết áp (gia đình)', 'FAMILY', '2020-03-15', 'ACTIVE', 'Cha mắc tăng huyết áp từ năm 50 tuổi, đang điều trị.', 'USR_DOC_01'),
('PMH_0035', 'PAT_031', 'E11', 'Đái tháo đường (gia đình)', 'FAMILY', '2021-06-10', 'ACTIVE', 'Mẹ bị đái tháo đường type 2, phát hiện năm 55 tuổi.', 'USR_DOC_01'),
('PMH_0036', 'PAT_031', 'C50', 'Ung thư vú (gia đình)', 'FAMILY', '2019-11-20', 'ACTIVE', 'Dì ruột chẩn đoán ung thư vú năm 2019. Cần tầm soát định kỳ.', 'USR_DOC_01'),
('PMH_0037', 'PAT_032', 'C50', 'Ung thư vú (gia đình)', 'FAMILY', '2021-06-10', 'ACTIVE', 'Dì ruột chẩn đoán ung thư vú năm 2019. Cần tầm soát định kỳ.', 'USR_DOC_02'),
('PMH_0038', 'PAT_032', 'I25', 'Bệnh mạch vành (gia đình)', 'FAMILY', '2019-11-20', 'ACTIVE', 'Ông nội đột quỵ năm 65 tuổi. Cần theo dõi yếu tố nguy cơ tim mạch.', 'USR_DOC_02'),
('PMH_0039', 'PAT_034', 'K80', 'Sỏi mật (đã phẫu thuật)', 'PERSONAL', '2019-11-20', 'RESOLVED', 'Đã cắt túi mật nội soi năm 2023. Hậu phẫu tốt, không biến chứng.', 'USR_DOC_03'),
('PMH_0040', 'PAT_035', 'E11', 'Đái tháo đường type 2', 'PERSONAL', '2022-01-05', 'ACTIVE', 'Kiểm soát bằng Metformin 500mg x 2 lần/ngày. HbA1c gần nhất: 7.2%.', 'USR_DOC_04'),
('PMH_0041', 'PAT_037', 'J45', 'Hen phế quản', 'PERSONAL', '2023-04-18', 'ACTIVE', 'Hen nhẹ dai dẳng. Sử dụng Salbutamol khi cần. Tránh khói bụi, thời tiết lạnh.', 'USR_DOC_05'),
('PMH_0042', 'PAT_037', 'K21', 'Trào ngược dạ dày-thực quản (GERD)', 'PERSONAL', '2018-08-22', 'ACTIVE', 'Triệu chứng ợ nóng tái phát. Đang dùng Omeprazole 20mg trước ăn sáng.', 'USR_DOC_05'),
('PMH_0043', 'PAT_038', 'M54', 'Đau lưng (Thoái hóa cột sống thắt lưng)', 'PERSONAL', '2018-08-22', 'ACTIVE', 'Thoái hóa L4-L5. Vật lý trị liệu kết hợp thuốc giảm đau khi đau.', 'USR_DOC_06'),
('PMH_0044', 'PAT_038', 'G43', 'Đau nửa đầu Migraine', 'PERSONAL', '2024-02-14', 'ACTIVE', 'Migraine có aura, tần suất 2-3 lần/tháng. Dùng Sumatriptan khi cơn.', 'USR_DOC_06'),
('PMH_0045', 'PAT_038', 'N39', 'Nhiễm trùng đường tiết niệu tái phát', 'PERSONAL', '2017-12-01', 'RESOLVED', 'Đã điều trị kháng sinh 7 ngày, hết triệu chứng. Cần uống nhiều nước.', 'USR_DOC_06'),
('PMH_0046', 'PAT_040', 'N39', 'Nhiễm trùng đường tiết niệu tái phát', 'PERSONAL', '2024-02-14', 'RESOLVED', 'Đã điều trị kháng sinh 7 ngày, hết triệu chứng. Cần uống nhiều nước.', 'USR_DOC_07'),
('PMH_0047', 'PAT_041', 'B18', 'Viêm gan siêu vi B mạn tính', 'PERSONAL', '2017-12-01', 'ACTIVE', 'HBsAg(+), HBeAg(-), viral load thấp. Theo dõi men gan mỗi 6 tháng.', 'USR_DOC_08'),
('PMH_0048', 'PAT_041', 'I10', 'Tăng huyết áp (gia đình)', 'FAMILY', '2023-09-30', 'ACTIVE', 'Cha mắc tăng huyết áp từ năm 50 tuổi, đang điều trị.', 'USR_DOC_08'),
('PMH_0049', 'PAT_043', 'E11', 'Đái tháo đường (gia đình)', 'FAMILY', '2023-09-30', 'ACTIVE', 'Mẹ bị đái tháo đường type 2, phát hiện năm 55 tuổi.', 'USR_DOC_09'),
('PMH_0050', 'PAT_044', 'I25', 'Bệnh mạch vành (gia đình)', 'FAMILY', '2025-05-12', 'ACTIVE', 'Ông nội đột quỵ năm 65 tuổi. Cần theo dõi yếu tố nguy cơ tim mạch.', 'USR_DOC_10'),
('PMH_0051', 'PAT_046', 'I10', 'Tăng huyết áp nguyên phát', 'PERSONAL', '2020-03-15', 'ACTIVE', 'Đang điều trị thuốc hạ áp hàng ngày. Theo dõi HA định kỳ mỗi tháng.', 'USR_DOC_01'),
('PMH_0052', 'PAT_046', 'E11', 'Đái tháo đường type 2', 'PERSONAL', '2021-06-10', 'ACTIVE', 'Kiểm soát bằng Metformin 500mg x 2 lần/ngày. HbA1c gần nhất: 7.2%.', 'USR_DOC_01'),
('PMH_0053', 'PAT_046', 'E78', 'Rối loạn lipid máu', 'PERSONAL', '2019-11-20', 'ACTIVE', 'Cholesterol TP cao. Đang dùng Atorvastatin 20mg tối.', 'USR_DOC_01'),
('PMH_0054', 'PAT_047', 'E78', 'Rối loạn lipid máu', 'PERSONAL', '2021-06-10', 'ACTIVE', 'Cholesterol TP cao. Đang dùng Atorvastatin 20mg tối.', 'USR_DOC_02'),
('PMH_0055', 'PAT_049', 'K21', 'Trào ngược dạ dày-thực quản (GERD)', 'PERSONAL', '2019-11-20', 'ACTIVE', 'Triệu chứng ợ nóng tái phát. Đang dùng Omeprazole 20mg trước ăn sáng.', 'USR_DOC_03'),
('PMH_0056', 'PAT_050', 'G43', 'Đau nửa đầu Migraine', 'PERSONAL', '2022-01-05', 'ACTIVE', 'Migraine có aura, tần suất 2-3 lần/tháng. Dùng Sumatriptan khi cơn.', 'USR_DOC_04'),
('PMH_0057', 'PAT_050', 'N39', 'Nhiễm trùng đường tiết niệu tái phát', 'PERSONAL', '2023-04-18', 'RESOLVED', 'Đã điều trị kháng sinh 7 ngày, hết triệu chứng. Cần uống nhiều nước.', 'USR_DOC_04'),
('PMH_0058', 'PAT_052', 'J06', 'Viêm đường hô hấp trên cấp', 'PERSONAL', '2023-04-18', 'RESOLVED', 'Đã khỏi sau 5 ngày điều trị triệu chứng.', 'USR_DOC_05'),
('PMH_0059', 'PAT_053', 'I10', 'Tăng huyết áp (gia đình)', 'FAMILY', '2018-08-22', 'ACTIVE', 'Cha mắc tăng huyết áp từ năm 50 tuổi, đang điều trị.', 'USR_DOC_06'),
('PMH_0060', 'PAT_053', 'E11', 'Đái tháo đường (gia đình)', 'FAMILY', '2024-02-14', 'ACTIVE', 'Mẹ bị đái tháo đường type 2, phát hiện năm 55 tuổi.', 'USR_DOC_06'),
('PMH_0061', 'PAT_053', 'C50', 'Ung thư vú (gia đình)', 'FAMILY', '2017-12-01', 'ACTIVE', 'Dì ruột chẩn đoán ung thư vú năm 2019. Cần tầm soát định kỳ.', 'USR_DOC_06'),
('PMH_0062', 'PAT_055', 'C50', 'Ung thư vú (gia đình)', 'FAMILY', '2024-02-14', 'ACTIVE', 'Dì ruột chẩn đoán ung thư vú năm 2019. Cần tầm soát định kỳ.', 'USR_DOC_07'),
('PMH_0063', 'PAT_055', 'I25', 'Bệnh mạch vành (gia đình)', 'FAMILY', '2017-12-01', 'ACTIVE', 'Ông nội đột quỵ năm 65 tuổi. Cần theo dõi yếu tố nguy cơ tim mạch.', 'USR_DOC_07'),
('PMH_0064', 'PAT_056', 'K80', 'Sỏi mật (đã phẫu thuật)', 'PERSONAL', '2017-12-01', 'RESOLVED', 'Đã cắt túi mật nội soi năm 2023. Hậu phẫu tốt, không biến chứng.', 'USR_DOC_08'),
('PMH_0065', 'PAT_058', 'E11', 'Đái tháo đường type 2', 'PERSONAL', '2023-09-30', 'ACTIVE', 'Kiểm soát bằng Metformin 500mg x 2 lần/ngày. HbA1c gần nhất: 7.2%.', 'USR_DOC_09'),
('PMH_0066', 'PAT_059', 'J45', 'Hen phế quản', 'PERSONAL', '2025-05-12', 'ACTIVE', 'Hen nhẹ dai dẳng. Sử dụng Salbutamol khi cần. Tránh khói bụi, thời tiết lạnh.', 'USR_DOC_10'),
('PMH_0067', 'PAT_059', 'K21', 'Trào ngược dạ dày-thực quản (GERD)', 'PERSONAL', '2020-03-15', 'ACTIVE', 'Triệu chứng ợ nóng tái phát. Đang dùng Omeprazole 20mg trước ăn sáng.', 'USR_DOC_10'),
('PMH_0068', 'PAT_061', 'M54', 'Đau lưng (Thoái hóa cột sống thắt lưng)', 'PERSONAL', '2020-03-15', 'ACTIVE', 'Thoái hóa L4-L5. Vật lý trị liệu kết hợp thuốc giảm đau khi đau.', 'USR_DOC_01'),
('PMH_0069', 'PAT_061', 'G43', 'Đau nửa đầu Migraine', 'PERSONAL', '2021-06-10', 'ACTIVE', 'Migraine có aura, tần suất 2-3 lần/tháng. Dùng Sumatriptan khi cơn.', 'USR_DOC_01'),
('PMH_0070', 'PAT_061', 'N39', 'Nhiễm trùng đường tiết niệu tái phát', 'PERSONAL', '2019-11-20', 'RESOLVED', 'Đã điều trị kháng sinh 7 ngày, hết triệu chứng. Cần uống nhiều nước.', 'USR_DOC_01'),
('PMH_0071', 'PAT_062', 'N39', 'Nhiễm trùng đường tiết niệu tái phát', 'PERSONAL', '2021-06-10', 'RESOLVED', 'Đã điều trị kháng sinh 7 ngày, hết triệu chứng. Cần uống nhiều nước.', 'USR_DOC_02'),
('PMH_0072', 'PAT_064', 'B18', 'Viêm gan siêu vi B mạn tính', 'PERSONAL', '2019-11-20', 'ACTIVE', 'HBsAg(+), HBeAg(-), viral load thấp. Theo dõi men gan mỗi 6 tháng.', 'USR_DOC_03'),
('PMH_0073', 'PAT_064', 'I10', 'Tăng huyết áp (gia đình)', 'FAMILY', '2022-01-05', 'ACTIVE', 'Cha mắc tăng huyết áp từ năm 50 tuổi, đang điều trị.', 'USR_DOC_03'),
('PMH_0074', 'PAT_065', 'E11', 'Đái tháo đường (gia đình)', 'FAMILY', '2022-01-05', 'ACTIVE', 'Mẹ bị đái tháo đường type 2, phát hiện năm 55 tuổi.', 'USR_DOC_04'),
('PMH_0075', 'PAT_067', 'I25', 'Bệnh mạch vành (gia đình)', 'FAMILY', '2023-04-18', 'ACTIVE', 'Ông nội đột quỵ năm 65 tuổi. Cần theo dõi yếu tố nguy cơ tim mạch.', 'USR_DOC_05'),
('PMH_0076', 'PAT_068', 'I10', 'Tăng huyết áp nguyên phát', 'PERSONAL', '2018-08-22', 'ACTIVE', 'Đang điều trị thuốc hạ áp hàng ngày. Theo dõi HA định kỳ mỗi tháng.', 'USR_DOC_06'),
('PMH_0077', 'PAT_068', 'E11', 'Đái tháo đường type 2', 'PERSONAL', '2024-02-14', 'ACTIVE', 'Kiểm soát bằng Metformin 500mg x 2 lần/ngày. HbA1c gần nhất: 7.2%.', 'USR_DOC_06'),
('PMH_0078', 'PAT_068', 'E78', 'Rối loạn lipid máu', 'PERSONAL', '2017-12-01', 'ACTIVE', 'Cholesterol TP cao. Đang dùng Atorvastatin 20mg tối.', 'USR_DOC_06'),
('PMH_0079', 'PAT_070', 'E78', 'Rối loạn lipid máu', 'PERSONAL', '2024-02-14', 'ACTIVE', 'Cholesterol TP cao. Đang dùng Atorvastatin 20mg tối.', 'USR_DOC_07'),
('PMH_0080', 'PAT_071', 'K21', 'Trào ngược dạ dày-thực quản (GERD)', 'PERSONAL', '2017-12-01', 'ACTIVE', 'Triệu chứng ợ nóng tái phát. Đang dùng Omeprazole 20mg trước ăn sáng.', 'USR_DOC_08'),
('PMH_0081', 'PAT_073', 'G43', 'Đau nửa đầu Migraine', 'PERSONAL', '2023-09-30', 'ACTIVE', 'Migraine có aura, tần suất 2-3 lần/tháng. Dùng Sumatriptan khi cơn.', 'USR_DOC_09'),
('PMH_0082', 'PAT_073', 'N39', 'Nhiễm trùng đường tiết niệu tái phát', 'PERSONAL', '2025-05-12', 'RESOLVED', 'Đã điều trị kháng sinh 7 ngày, hết triệu chứng. Cần uống nhiều nước.', 'USR_DOC_09'),
('PMH_0083', 'PAT_074', 'J06', 'Viêm đường hô hấp trên cấp', 'PERSONAL', '2025-05-12', 'RESOLVED', 'Đã khỏi sau 5 ngày điều trị triệu chứng.', 'USR_DOC_10'),
('PMH_0084', 'PAT_076', 'I10', 'Tăng huyết áp (gia đình)', 'FAMILY', '2020-03-15', 'ACTIVE', 'Cha mắc tăng huyết áp từ năm 50 tuổi, đang điều trị.', 'USR_DOC_01'),
('PMH_0085', 'PAT_076', 'E11', 'Đái tháo đường (gia đình)', 'FAMILY', '2021-06-10', 'ACTIVE', 'Mẹ bị đái tháo đường type 2, phát hiện năm 55 tuổi.', 'USR_DOC_01'),
('PMH_0086', 'PAT_076', 'C50', 'Ung thư vú (gia đình)', 'FAMILY', '2019-11-20', 'ACTIVE', 'Dì ruột chẩn đoán ung thư vú năm 2019. Cần tầm soát định kỳ.', 'USR_DOC_01'),
('PMH_0087', 'PAT_077', 'C50', 'Ung thư vú (gia đình)', 'FAMILY', '2021-06-10', 'ACTIVE', 'Dì ruột chẩn đoán ung thư vú năm 2019. Cần tầm soát định kỳ.', 'USR_DOC_02'),
('PMH_0088', 'PAT_077', 'I25', 'Bệnh mạch vành (gia đình)', 'FAMILY', '2019-11-20', 'ACTIVE', 'Ông nội đột quỵ năm 65 tuổi. Cần theo dõi yếu tố nguy cơ tim mạch.', 'USR_DOC_02'),
('PMH_0089', 'PAT_079', 'K80', 'Sỏi mật (đã phẫu thuật)', 'PERSONAL', '2019-11-20', 'RESOLVED', 'Đã cắt túi mật nội soi năm 2023. Hậu phẫu tốt, không biến chứng.', 'USR_DOC_03'),
('PMH_0090', 'PAT_080', 'E11', 'Đái tháo đường type 2', 'PERSONAL', '2022-01-05', 'ACTIVE', 'Kiểm soát bằng Metformin 500mg x 2 lần/ngày. HbA1c gần nhất: 7.2%.', 'USR_DOC_04'),
('PMH_0091', 'PAT_082', 'J45', 'Hen phế quản', 'PERSONAL', '2023-04-18', 'ACTIVE', 'Hen nhẹ dai dẳng. Sử dụng Salbutamol khi cần. Tránh khói bụi, thời tiết lạnh.', 'USR_DOC_05'),
('PMH_0092', 'PAT_082', 'K21', 'Trào ngược dạ dày-thực quản (GERD)', 'PERSONAL', '2018-08-22', 'ACTIVE', 'Triệu chứng ợ nóng tái phát. Đang dùng Omeprazole 20mg trước ăn sáng.', 'USR_DOC_05'),
('PMH_0093', 'PAT_083', 'M54', 'Đau lưng (Thoái hóa cột sống thắt lưng)', 'PERSONAL', '2018-08-22', 'ACTIVE', 'Thoái hóa L4-L5. Vật lý trị liệu kết hợp thuốc giảm đau khi đau.', 'USR_DOC_06'),
('PMH_0094', 'PAT_083', 'G43', 'Đau nửa đầu Migraine', 'PERSONAL', '2024-02-14', 'ACTIVE', 'Migraine có aura, tần suất 2-3 lần/tháng. Dùng Sumatriptan khi cơn.', 'USR_DOC_06'),
('PMH_0095', 'PAT_083', 'N39', 'Nhiễm trùng đường tiết niệu tái phát', 'PERSONAL', '2017-12-01', 'RESOLVED', 'Đã điều trị kháng sinh 7 ngày, hết triệu chứng. Cần uống nhiều nước.', 'USR_DOC_06'),
('PMH_0096', 'PAT_085', 'N39', 'Nhiễm trùng đường tiết niệu tái phát', 'PERSONAL', '2024-02-14', 'RESOLVED', 'Đã điều trị kháng sinh 7 ngày, hết triệu chứng. Cần uống nhiều nước.', 'USR_DOC_07'),
('PMH_0097', 'PAT_086', 'B18', 'Viêm gan siêu vi B mạn tính', 'PERSONAL', '2017-12-01', 'ACTIVE', 'HBsAg(+), HBeAg(-), viral load thấp. Theo dõi men gan mỗi 6 tháng.', 'USR_DOC_08'),
('PMH_0098', 'PAT_086', 'I10', 'Tăng huyết áp (gia đình)', 'FAMILY', '2023-09-30', 'ACTIVE', 'Cha mắc tăng huyết áp từ năm 50 tuổi, đang điều trị.', 'USR_DOC_08'),
('PMH_0099', 'PAT_088', 'E11', 'Đái tháo đường (gia đình)', 'FAMILY', '2023-09-30', 'ACTIVE', 'Mẹ bị đái tháo đường type 2, phát hiện năm 55 tuổi.', 'USR_DOC_09'),
('PMH_0100', 'PAT_089', 'I25', 'Bệnh mạch vành (gia đình)', 'FAMILY', '2025-05-12', 'ACTIVE', 'Ông nội đột quỵ năm 65 tuổi. Cần theo dõi yếu tố nguy cơ tim mạch.', 'USR_DOC_10');

-- *********************************************************************
-- DỊ ỨNG & TÁC DỤNG PHỤ (PATIENT_ALLERGIES)
-- ~45 bệnh nhân có dị ứng (30%), mỗi BN 1-2 dị ứng
-- allergen_type: DRUG, FOOD, ENVIRONMENT, LATEX, CHEMICAL
-- severity: MILD, MODERATE, SEVERE
-- *********************************************************************
INSERT INTO patient_allergies (patient_allergies_id, patient_id, allergen_type, allergen_name, reaction, severity, notes) VALUES
('PALG_0001', 'PAT_001', 'DRUG', 'Penicillin', 'Phát ban đỏ toàn thân, ngứa dữ dội sau 30 phút dùng thuốc', 'SEVERE', 'Chống chỉ định tuyệt đối nhóm Beta-lactam (Amoxicillin, Ampicillin). Thay thế bằng Azithromycin.'),
('PALG_0002', 'PAT_001', 'FOOD', 'Hải sản (Tôm, Cua)', 'Phát ban, sưng môi, ngứa cổ họng', 'MODERATE', 'Tránh tôm, cua, ghẹ. Cẩn thận với mắm tôm, nước mắm có hải sản.'),
('PALG_0003', 'PAT_002', 'DRUG', 'Aspirin', 'Khó thở, co thắt phế quản, phù mặt', 'SEVERE', 'Dị ứng NSAID. Chống chỉ định Aspirin, Ibuprofen. Dùng Paracetamol thay thế.'),
('PALG_0004', 'PAT_005', 'DRUG', 'Sulfonamide', 'Nổi mề đay, ngứa, sốt nhẹ', 'MODERATE', 'Tránh các thuốc chứa Sulfa: Cotrimoxazole, Sulfasalazine.'),
('PALG_0005', 'PAT_006', 'DRUG', 'Metformin', 'Buồn nôn, tiêu chảy nặng khi dùng liều cao', 'MILD', 'Chuyển sang Gliclazide. Theo dõi khi dùng các thuốc tiểu đường khác.'),
('PALG_0006', 'PAT_009', 'DRUG', 'Thuốc cản quang Iodine', 'Sốc phản vệ (tiền sử)', 'SEVERE', 'KHÔNG sử dụng thuốc cản quang có Iodine. CT/MRI phải dùng cản quang không ion hóa + tiền xử lý.'),
('PALG_0007', 'PAT_009', 'ENVIRONMENT', 'Bụi nhà / Mạt bụi', 'Hen phế quản, khò khè, ho kéo dài', 'MODERATE', 'Dọn dẹp thường xuyên, dùng máy lọc không khí. Corticoid xịt mũi dự phòng.'),
('PALG_0008', 'PAT_010', 'FOOD', 'Hải sản (Tôm, Cua)', 'Phát ban, sưng môi, ngứa cổ họng', 'MODERATE', 'Tránh tôm, cua, ghẹ. Cẩn thận với mắm tôm, nước mắm có hải sản.'),
('PALG_0009', 'PAT_013', 'FOOD', 'Đậu phộng', 'Phù mạch, khó thở, hạ huyết áp', 'SEVERE', 'Mang theo EpiPen. Tránh tuyệt đối đậu phộng và các sản phẩm có thành phần đậu phộng.'),
('PALG_0010', 'PAT_014', 'FOOD', 'Sữa bò (Lactose)', 'Đầy hơi, tiêu chảy, đau bụng', 'MILD', 'Không dung nạp Lactose. Dùng sữa đậu nành hoặc sữa không Lactose thay thế.'),
('PALG_0011', 'PAT_017', 'ENVIRONMENT', 'Phấn hoa', 'Hắt hơi, chảy nước mũi, ngứa mắt (viêm mũi dị ứng)', 'MILD', 'Viêm mũi dị ứng theo mùa. Dùng Cetirizine khi có triệu chứng.'),
('PALG_0012', 'PAT_017', 'DRUG', 'Aspirin', 'Khó thở, co thắt phế quản, phù mặt', 'SEVERE', 'Dị ứng NSAID. Chống chỉ định Aspirin, Ibuprofen. Dùng Paracetamol thay thế.'),
('PALG_0013', 'PAT_018', 'ENVIRONMENT', 'Bụi nhà / Mạt bụi', 'Hen phế quản, khò khè, ho kéo dài', 'MODERATE', 'Dọn dẹp thường xuyên, dùng máy lọc không khí. Corticoid xịt mũi dự phòng.'),
('PALG_0014', 'PAT_021', 'LATEX', 'Latex (Cao su)', 'Nổi mẩn đỏ, ngứa vùng da tiếp xúc', 'MODERATE', 'Sử dụng găng tay không Latex (Nitrile) trong tất cả thủ thuật y tế.'),
('PALG_0015', 'PAT_022', 'CHEMICAL', 'Chlorhexidine', 'Kích ứng da, ban đỏ, hiếm gặp sốc phản vệ', 'MILD', 'Thay thế bằng Povidone-Iodine để sát khuẩn. Thông báo trước khi thủ thuật.'),
('PALG_0016', 'PAT_025', 'DRUG', 'Penicillin', 'Phát ban đỏ toàn thân, ngứa dữ dội sau 30 phút dùng thuốc', 'SEVERE', 'Chống chỉ định tuyệt đối nhóm Beta-lactam (Amoxicillin, Ampicillin). Thay thế bằng Azithromycin.'),
('PALG_0017', 'PAT_025', 'FOOD', 'Hải sản (Tôm, Cua)', 'Phát ban, sưng môi, ngứa cổ họng', 'MODERATE', 'Tránh tôm, cua, ghẹ. Cẩn thận với mắm tôm, nước mắm có hải sản.'),
('PALG_0018', 'PAT_026', 'DRUG', 'Aspirin', 'Khó thở, co thắt phế quản, phù mặt', 'SEVERE', 'Dị ứng NSAID. Chống chỉ định Aspirin, Ibuprofen. Dùng Paracetamol thay thế.'),
('PALG_0019', 'PAT_029', 'DRUG', 'Sulfonamide', 'Nổi mề đay, ngứa, sốt nhẹ', 'MODERATE', 'Tránh các thuốc chứa Sulfa: Cotrimoxazole, Sulfasalazine.'),
('PALG_0020', 'PAT_030', 'DRUG', 'Metformin', 'Buồn nôn, tiêu chảy nặng khi dùng liều cao', 'MILD', 'Chuyển sang Gliclazide. Theo dõi khi dùng các thuốc tiểu đường khác.'),
('PALG_0021', 'PAT_033', 'DRUG', 'Thuốc cản quang Iodine', 'Sốc phản vệ (tiền sử)', 'SEVERE', 'KHÔNG sử dụng thuốc cản quang có Iodine. CT/MRI phải dùng cản quang không ion hóa + tiền xử lý.'),
('PALG_0022', 'PAT_033', 'ENVIRONMENT', 'Bụi nhà / Mạt bụi', 'Hen phế quản, khò khè, ho kéo dài', 'MODERATE', 'Dọn dẹp thường xuyên, dùng máy lọc không khí. Corticoid xịt mũi dự phòng.'),
('PALG_0023', 'PAT_034', 'FOOD', 'Hải sản (Tôm, Cua)', 'Phát ban, sưng môi, ngứa cổ họng', 'MODERATE', 'Tránh tôm, cua, ghẹ. Cẩn thận với mắm tôm, nước mắm có hải sản.'),
('PALG_0024', 'PAT_037', 'FOOD', 'Đậu phộng', 'Phù mạch, khó thở, hạ huyết áp', 'SEVERE', 'Mang theo EpiPen. Tránh tuyệt đối đậu phộng và các sản phẩm có thành phần đậu phộng.'),
('PALG_0025', 'PAT_038', 'FOOD', 'Sữa bò (Lactose)', 'Đầy hơi, tiêu chảy, đau bụng', 'MILD', 'Không dung nạp Lactose. Dùng sữa đậu nành hoặc sữa không Lactose thay thế.'),
('PALG_0026', 'PAT_041', 'ENVIRONMENT', 'Phấn hoa', 'Hắt hơi, chảy nước mũi, ngứa mắt (viêm mũi dị ứng)', 'MILD', 'Viêm mũi dị ứng theo mùa. Dùng Cetirizine khi có triệu chứng.'),
('PALG_0027', 'PAT_041', 'DRUG', 'Aspirin', 'Khó thở, co thắt phế quản, phù mặt', 'SEVERE', 'Dị ứng NSAID. Chống chỉ định Aspirin, Ibuprofen. Dùng Paracetamol thay thế.'),
('PALG_0028', 'PAT_042', 'ENVIRONMENT', 'Bụi nhà / Mạt bụi', 'Hen phế quản, khò khè, ho kéo dài', 'MODERATE', 'Dọn dẹp thường xuyên, dùng máy lọc không khí. Corticoid xịt mũi dự phòng.'),
('PALG_0029', 'PAT_045', 'LATEX', 'Latex (Cao su)', 'Nổi mẩn đỏ, ngứa vùng da tiếp xúc', 'MODERATE', 'Sử dụng găng tay không Latex (Nitrile) trong tất cả thủ thuật y tế.'),
('PALG_0030', 'PAT_046', 'CHEMICAL', 'Chlorhexidine', 'Kích ứng da, ban đỏ, hiếm gặp sốc phản vệ', 'MILD', 'Thay thế bằng Povidone-Iodine để sát khuẩn. Thông báo trước khi thủ thuật.'),
('PALG_0031', 'PAT_049', 'DRUG', 'Penicillin', 'Phát ban đỏ toàn thân, ngứa dữ dội sau 30 phút dùng thuốc', 'SEVERE', 'Chống chỉ định tuyệt đối nhóm Beta-lactam (Amoxicillin, Ampicillin). Thay thế bằng Azithromycin.'),
('PALG_0032', 'PAT_049', 'FOOD', 'Hải sản (Tôm, Cua)', 'Phát ban, sưng môi, ngứa cổ họng', 'MODERATE', 'Tránh tôm, cua, ghẹ. Cẩn thận với mắm tôm, nước mắm có hải sản.'),
('PALG_0033', 'PAT_050', 'DRUG', 'Aspirin', 'Khó thở, co thắt phế quản, phù mặt', 'SEVERE', 'Dị ứng NSAID. Chống chỉ định Aspirin, Ibuprofen. Dùng Paracetamol thay thế.'),
('PALG_0034', 'PAT_053', 'DRUG', 'Sulfonamide', 'Nổi mề đay, ngứa, sốt nhẹ', 'MODERATE', 'Tránh các thuốc chứa Sulfa: Cotrimoxazole, Sulfasalazine.'),
('PALG_0035', 'PAT_054', 'DRUG', 'Metformin', 'Buồn nôn, tiêu chảy nặng khi dùng liều cao', 'MILD', 'Chuyển sang Gliclazide. Theo dõi khi dùng các thuốc tiểu đường khác.'),
('PALG_0036', 'PAT_057', 'DRUG', 'Thuốc cản quang Iodine', 'Sốc phản vệ (tiền sử)', 'SEVERE', 'KHÔNG sử dụng thuốc cản quang có Iodine. CT/MRI phải dùng cản quang không ion hóa + tiền xử lý.'),
('PALG_0037', 'PAT_057', 'ENVIRONMENT', 'Bụi nhà / Mạt bụi', 'Hen phế quản, khò khè, ho kéo dài', 'MODERATE', 'Dọn dẹp thường xuyên, dùng máy lọc không khí. Corticoid xịt mũi dự phòng.'),
('PALG_0038', 'PAT_058', 'FOOD', 'Hải sản (Tôm, Cua)', 'Phát ban, sưng môi, ngứa cổ họng', 'MODERATE', 'Tránh tôm, cua, ghẹ. Cẩn thận với mắm tôm, nước mắm có hải sản.'),
('PALG_0039', 'PAT_061', 'FOOD', 'Đậu phộng', 'Phù mạch, khó thở, hạ huyết áp', 'SEVERE', 'Mang theo EpiPen. Tránh tuyệt đối đậu phộng và các sản phẩm có thành phần đậu phộng.'),
('PALG_0040', 'PAT_062', 'FOOD', 'Sữa bò (Lactose)', 'Đầy hơi, tiêu chảy, đau bụng', 'MILD', 'Không dung nạp Lactose. Dùng sữa đậu nành hoặc sữa không Lactose thay thế.'),
('PALG_0041', 'PAT_065', 'ENVIRONMENT', 'Phấn hoa', 'Hắt hơi, chảy nước mũi, ngứa mắt (viêm mũi dị ứng)', 'MILD', 'Viêm mũi dị ứng theo mùa. Dùng Cetirizine khi có triệu chứng.'),
('PALG_0042', 'PAT_065', 'DRUG', 'Aspirin', 'Khó thở, co thắt phế quản, phù mặt', 'SEVERE', 'Dị ứng NSAID. Chống chỉ định Aspirin, Ibuprofen. Dùng Paracetamol thay thế.'),
('PALG_0043', 'PAT_066', 'ENVIRONMENT', 'Bụi nhà / Mạt bụi', 'Hen phế quản, khò khè, ho kéo dài', 'MODERATE', 'Dọn dẹp thường xuyên, dùng máy lọc không khí. Corticoid xịt mũi dự phòng.'),
('PALG_0044', 'PAT_069', 'LATEX', 'Latex (Cao su)', 'Nổi mẩn đỏ, ngứa vùng da tiếp xúc', 'MODERATE', 'Sử dụng găng tay không Latex (Nitrile) trong tất cả thủ thuật y tế.'),
('PALG_0045', 'PAT_070', 'CHEMICAL', 'Chlorhexidine', 'Kích ứng da, ban đỏ, hiếm gặp sốc phản vệ', 'MILD', 'Thay thế bằng Povidone-Iodine để sát khuẩn. Thông báo trước khi thủ thuật.'),
('PALG_0046', 'PAT_073', 'DRUG', 'Penicillin', 'Phát ban đỏ toàn thân, ngứa dữ dội sau 30 phút dùng thuốc', 'SEVERE', 'Chống chỉ định tuyệt đối nhóm Beta-lactam (Amoxicillin, Ampicillin). Thay thế bằng Azithromycin.'),
('PALG_0047', 'PAT_073', 'FOOD', 'Hải sản (Tôm, Cua)', 'Phát ban, sưng môi, ngứa cổ họng', 'MODERATE', 'Tránh tôm, cua, ghẹ. Cẩn thận với mắm tôm, nước mắm có hải sản.'),
('PALG_0048', 'PAT_074', 'DRUG', 'Aspirin', 'Khó thở, co thắt phế quản, phù mặt', 'SEVERE', 'Dị ứng NSAID. Chống chỉ định Aspirin, Ibuprofen. Dùng Paracetamol thay thế.'),
('PALG_0049', 'PAT_077', 'DRUG', 'Sulfonamide', 'Nổi mề đay, ngứa, sốt nhẹ', 'MODERATE', 'Tránh các thuốc chứa Sulfa: Cotrimoxazole, Sulfasalazine.'),
('PALG_0050', 'PAT_078', 'DRUG', 'Metformin', 'Buồn nôn, tiêu chảy nặng khi dùng liều cao', 'MILD', 'Chuyển sang Gliclazide. Theo dõi khi dùng các thuốc tiểu đường khác.'),
('PALG_0051', 'PAT_081', 'DRUG', 'Thuốc cản quang Iodine', 'Sốc phản vệ (tiền sử)', 'SEVERE', 'KHÔNG sử dụng thuốc cản quang có Iodine. CT/MRI phải dùng cản quang không ion hóa + tiền xử lý.'),
('PALG_0052', 'PAT_081', 'ENVIRONMENT', 'Bụi nhà / Mạt bụi', 'Hen phế quản, khò khè, ho kéo dài', 'MODERATE', 'Dọn dẹp thường xuyên, dùng máy lọc không khí. Corticoid xịt mũi dự phòng.'),
('PALG_0053', 'PAT_082', 'FOOD', 'Hải sản (Tôm, Cua)', 'Phát ban, sưng môi, ngứa cổ họng', 'MODERATE', 'Tránh tôm, cua, ghẹ. Cẩn thận với mắm tôm, nước mắm có hải sản.'),
('PALG_0054', 'PAT_085', 'FOOD', 'Đậu phộng', 'Phù mạch, khó thở, hạ huyết áp', 'SEVERE', 'Mang theo EpiPen. Tránh tuyệt đối đậu phộng và các sản phẩm có thành phần đậu phộng.'),
('PALG_0055', 'PAT_086', 'FOOD', 'Sữa bò (Lactose)', 'Đầy hơi, tiêu chảy, đau bụng', 'MILD', 'Không dung nạp Lactose. Dùng sữa đậu nành hoặc sữa không Lactose thay thế.'),
('PALG_0056', 'PAT_089', 'ENVIRONMENT', 'Phấn hoa', 'Hắt hơi, chảy nước mũi, ngứa mắt (viêm mũi dị ứng)', 'MILD', 'Viêm mũi dị ứng theo mùa. Dùng Cetirizine khi có triệu chứng.'),
('PALG_0057', 'PAT_089', 'DRUG', 'Aspirin', 'Khó thở, co thắt phế quản, phù mặt', 'SEVERE', 'Dị ứng NSAID. Chống chỉ định Aspirin, Ibuprofen. Dùng Paracetamol thay thế.');

-- *********************************************************************
-- GẮN THẺ BỆNH NHÂN (PATIENT_TAGS)
-- ~60 bệnh nhân có thẻ (40%), mỗi BN 1-3 thẻ
-- Thẻ phải phù hợp với tình trạng BN (bệnh mãn, dị ứng, BH, tuổi)
-- *********************************************************************
INSERT INTO patient_tags (patient_tags_id, patient_id, tag_id, assigned_by) VALUES
('PT_0001', 'PAT_001', 'TAG_PRIORITY', 'USR_DOC_01'),
('PT_0002', 'PAT_001', 'TAG_FALL_RISK', 'USR_DOC_01'),
('PT_0003', 'PAT_001', 'TAG_CHRONIC', 'USR_DOC_01'),
('PT_0004', 'PAT_001', 'TAG_HYPERTENSION', 'USR_DOC_01'),
('PT_0005', 'PAT_001', 'TAG_ALLERGY_ALERT', 'USR_DOC_01'),
('PT_0006', 'PAT_001', 'TAG_BHYT', 'USR_DOC_01'),
('PT_0007', 'PAT_001', 'TAG_PRIVATE_INS', 'USR_DOC_01'),
('PT_0008', 'PAT_001', 'TAG_VIP', 'USR_DOC_01'),
('PT_0009', 'PAT_001', 'TAG_FREQUENT', 'USR_DOC_01'),
('PT_0010', 'PAT_001', 'TAG_HIGH_RISK', 'USR_DOC_01'),
('PT_0011', 'PAT_002', 'TAG_PRIORITY', 'USR_DOC_01'),
('PT_0012', 'PAT_002', 'TAG_FALL_RISK', 'USR_DOC_01'),
('PT_0013', 'PAT_002', 'TAG_CHRONIC', 'USR_DOC_01'),
('PT_0014', 'PAT_002', 'TAG_ALLERGY_ALERT', 'USR_DOC_01'),
('PT_0015', 'PAT_002', 'TAG_BHYT', 'USR_DOC_01'),
('PT_0016', 'PAT_002', 'TAG_FREQUENT', 'USR_DOC_01'),
('PT_0017', 'PAT_002', 'TAG_HIGH_RISK', 'USR_DOC_01'),
('PT_0018', 'PAT_003', 'TAG_PRIORITY', 'USR_DOC_01'),
('PT_0019', 'PAT_003', 'TAG_FALL_RISK', 'USR_DOC_01'),
('PT_0020', 'PAT_003', 'TAG_BHYT', 'USR_DOC_01'),
('PT_0021', 'PAT_003', 'TAG_HIGH_RISK', 'USR_DOC_01'),
('PT_0022', 'PAT_004', 'TAG_PRIORITY', 'USR_DOC_01'),
('PT_0023', 'PAT_004', 'TAG_FALL_RISK', 'USR_DOC_01'),
('PT_0024', 'PAT_004', 'TAG_CHRONIC', 'USR_DOC_01'),
('PT_0025', 'PAT_004', 'TAG_BHYT', 'USR_DOC_01'),
('PT_0026', 'PAT_004', 'TAG_FREQUENT', 'USR_DOC_01'),
('PT_0027', 'PAT_004', 'TAG_HIGH_RISK', 'USR_DOC_01'),
('PT_0028', 'PAT_005', 'TAG_PRIORITY', 'USR_DOC_01'),
('PT_0029', 'PAT_005', 'TAG_FALL_RISK', 'USR_DOC_01'),
('PT_0030', 'PAT_005', 'TAG_ALLERGY_ALERT', 'USR_DOC_01'),
('PT_0031', 'PAT_005', 'TAG_FREQUENT', 'USR_DOC_01'),
('PT_0032', 'PAT_005', 'TAG_HIGH_RISK', 'USR_DOC_01'),
('PT_0033', 'PAT_006', 'TAG_PRIORITY', 'USR_DOC_01'),
('PT_0034', 'PAT_006', 'TAG_FALL_RISK', 'USR_DOC_01'),
('PT_0035', 'PAT_006', 'TAG_ALLERGY_ALERT', 'USR_DOC_01'),
('PT_0036', 'PAT_006', 'TAG_BHYT', 'USR_DOC_01'),
('PT_0037', 'PAT_006', 'TAG_HIGH_RISK', 'USR_DOC_01'),
('PT_0038', 'PAT_007', 'TAG_PRIORITY', 'USR_DOC_01'),
('PT_0039', 'PAT_007', 'TAG_FALL_RISK', 'USR_DOC_01'),
('PT_0040', 'PAT_007', 'TAG_CHRONIC', 'USR_DOC_01'),
('PT_0041', 'PAT_007', 'TAG_BHYT', 'USR_DOC_01'),
('PT_0042', 'PAT_007', 'TAG_PRIVATE_INS', 'USR_DOC_01'),
('PT_0043', 'PAT_007', 'TAG_FREQUENT', 'USR_DOC_01'),
('PT_0044', 'PAT_007', 'TAG_HIGH_RISK', 'USR_DOC_01'),
('PT_0045', 'PAT_008', 'TAG_PRIORITY', 'USR_DOC_01'),
('PT_0046', 'PAT_008', 'TAG_FALL_RISK', 'USR_DOC_01'),
('PT_0047', 'PAT_008', 'TAG_BHYT', 'USR_DOC_01'),
('PT_0048', 'PAT_008', 'TAG_FREQUENT', 'USR_DOC_01'),
('PT_0049', 'PAT_008', 'TAG_HIGH_RISK', 'USR_DOC_01'),
('PT_0050', 'PAT_009', 'TAG_PRIORITY', 'USR_DOC_01'),
('PT_0051', 'PAT_009', 'TAG_FALL_RISK', 'USR_DOC_01'),
('PT_0052', 'PAT_009', 'TAG_ALLERGY_ALERT', 'USR_DOC_01'),
('PT_0053', 'PAT_009', 'TAG_BHYT', 'USR_DOC_01'),
('PT_0054', 'PAT_009', 'TAG_HIGH_RISK', 'USR_DOC_01'),
('PT_0055', 'PAT_010', 'TAG_PRIORITY', 'USR_DOC_01'),
('PT_0056', 'PAT_010', 'TAG_FALL_RISK', 'USR_DOC_01'),
('PT_0057', 'PAT_010', 'TAG_CHRONIC', 'USR_DOC_01'),
('PT_0058', 'PAT_010', 'TAG_ALLERGY_ALERT', 'USR_DOC_01'),
('PT_0059', 'PAT_010', 'TAG_FREQUENT', 'USR_DOC_01'),
('PT_0060', 'PAT_010', 'TAG_HIGH_RISK', 'USR_DOC_01'),
('PT_0061', 'PAT_011', 'TAG_PRIORITY', 'USR_DOC_01'),
('PT_0062', 'PAT_011', 'TAG_FALL_RISK', 'USR_DOC_01'),
('PT_0063', 'PAT_011', 'TAG_CHRONIC', 'USR_DOC_01'),
('PT_0064', 'PAT_011', 'TAG_BHYT', 'USR_DOC_01'),
('PT_0065', 'PAT_012', 'TAG_PRIORITY', 'USR_DOC_01'),
('PT_0066', 'PAT_012', 'TAG_FALL_RISK', 'USR_DOC_01'),
('PT_0067', 'PAT_012', 'TAG_BHYT', 'USR_DOC_01'),
('PT_0068', 'PAT_013', 'TAG_PRIORITY', 'USR_DOC_01'),
('PT_0069', 'PAT_013', 'TAG_FALL_RISK', 'USR_DOC_01'),
('PT_0070', 'PAT_013', 'TAG_CHRONIC', 'USR_DOC_01'),
('PT_0071', 'PAT_013', 'TAG_ALLERGY_ALERT', 'USR_DOC_01'),
('PT_0072', 'PAT_013', 'TAG_BHYT', 'USR_DOC_01'),
('PT_0073', 'PAT_013', 'TAG_PRIVATE_INS', 'USR_DOC_01'),
('PT_0074', 'PAT_014', 'TAG_PRIORITY', 'USR_DOC_01'),
('PT_0075', 'PAT_014', 'TAG_FALL_RISK', 'USR_DOC_01'),
('PT_0076', 'PAT_014', 'TAG_DIABETES', 'USR_DOC_01'),
('PT_0077', 'PAT_014', 'TAG_CHRONIC', 'USR_DOC_01'),
('PT_0078', 'PAT_014', 'TAG_ALLERGY_ALERT', 'USR_DOC_01'),
('PT_0079', 'PAT_014', 'TAG_BHYT', 'USR_DOC_01'),
('PT_0080', 'PAT_015', 'TAG_PRIORITY', 'USR_DOC_01'),
('PT_0081', 'PAT_015', 'TAG_FALL_RISK', 'USR_DOC_01'),
('PT_0082', 'PAT_016', 'TAG_PRIORITY', 'USR_DOC_01'),
('PT_0083', 'PAT_016', 'TAG_CHRONIC', 'USR_DOC_01'),
('PT_0084', 'PAT_016', 'TAG_HYPERTENSION', 'USR_DOC_01'),
('PT_0085', 'PAT_016', 'TAG_BHYT', 'USR_DOC_01'),
('PT_0086', 'PAT_017', 'TAG_PRIORITY', 'USR_DOC_01'),
('PT_0087', 'PAT_017', 'TAG_CHRONIC', 'USR_DOC_01'),
('PT_0088', 'PAT_017', 'TAG_ALLERGY_ALERT', 'USR_DOC_01'),
('PT_0089', 'PAT_017', 'TAG_BHYT', 'USR_DOC_01'),
('PT_0090', 'PAT_018', 'TAG_PRIORITY', 'USR_DOC_01'),
('PT_0091', 'PAT_018', 'TAG_ALLERGY_ALERT', 'USR_DOC_01'),
('PT_0092', 'PAT_018', 'TAG_BHYT', 'USR_DOC_01'),
('PT_0093', 'PAT_019', 'TAG_PRIORITY', 'USR_DOC_01'),
('PT_0094', 'PAT_019', 'TAG_CHRONIC', 'USR_DOC_01'),
('PT_0095', 'PAT_019', 'TAG_BHYT', 'USR_DOC_01'),
('PT_0096', 'PAT_019', 'TAG_PRIVATE_INS', 'USR_DOC_01'),
('PT_0097', 'PAT_020', 'TAG_PRIORITY', 'USR_DOC_01'),
('PT_0098', 'PAT_021', 'TAG_PRIORITY', 'USR_DOC_01'),
('PT_0099', 'PAT_021', 'TAG_ALLERGY_ALERT', 'USR_DOC_01'),
('PT_0100', 'PAT_021', 'TAG_BHYT', 'USR_DOC_01'),
('PT_0101', 'PAT_022', 'TAG_PRIORITY', 'USR_DOC_01'),
('PT_0102', 'PAT_022', 'TAG_CHRONIC', 'USR_DOC_01'),
('PT_0103', 'PAT_022', 'TAG_ALLERGY_ALERT', 'USR_DOC_01'),
('PT_0104', 'PAT_022', 'TAG_BHYT', 'USR_DOC_01'),
('PT_0105', 'PAT_023', 'TAG_PRIORITY', 'USR_DOC_01'),
('PT_0106', 'PAT_023', 'TAG_BHYT', 'USR_DOC_01'),
('PT_0107', 'PAT_024', 'TAG_PRIORITY', 'USR_DOC_01'),
('PT_0108', 'PAT_024', 'TAG_BHYT', 'USR_DOC_01'),
('PT_0109', 'PAT_025', 'TAG_PRIORITY', 'USR_DOC_01'),
('PT_0110', 'PAT_025', 'TAG_CHRONIC', 'USR_DOC_01'),
('PT_0111', 'PAT_025', 'TAG_ALLERGY_ALERT', 'USR_DOC_01'),
('PT_0112', 'PAT_025', 'TAG_PRIVATE_INS', 'USR_DOC_01'),
('PT_0113', 'PAT_026', 'TAG_PRIORITY', 'USR_DOC_01'),
('PT_0114', 'PAT_026', 'TAG_CHRONIC', 'USR_DOC_01'),
('PT_0115', 'PAT_026', 'TAG_ALLERGY_ALERT', 'USR_DOC_01'),
('PT_0116', 'PAT_026', 'TAG_BHYT', 'USR_DOC_01'),
('PT_0117', 'PAT_027', 'TAG_PRIORITY', 'USR_DOC_01'),
('PT_0118', 'PAT_027', 'TAG_BHYT', 'USR_DOC_01'),
('PT_0119', 'PAT_028', 'TAG_PRIORITY', 'USR_DOC_01'),
('PT_0120', 'PAT_028', 'TAG_CHRONIC', 'USR_DOC_01'),
('PT_0121', 'PAT_028', 'TAG_BHYT', 'USR_DOC_01'),
('PT_0122', 'PAT_029', 'TAG_PRIORITY', 'USR_DOC_01'),
('PT_0123', 'PAT_029', 'TAG_DIABETES', 'USR_DOC_01'),
('PT_0124', 'PAT_029', 'TAG_CHRONIC', 'USR_DOC_01'),
('PT_0125', 'PAT_029', 'TAG_ALLERGY_ALERT', 'USR_DOC_01'),
('PT_0126', 'PAT_029', 'TAG_BHYT', 'USR_DOC_01'),
('PT_0127', 'PAT_030', 'TAG_PRIORITY', 'USR_DOC_01'),
('PT_0128', 'PAT_030', 'TAG_ALLERGY_ALERT', 'USR_DOC_01'),
('PT_0129', 'PAT_031', 'TAG_HYPERTENSION', 'USR_DOC_01'),
('PT_0130', 'PAT_031', 'TAG_CHRONIC', 'USR_DOC_01'),
('PT_0131', 'PAT_031', 'TAG_BHYT', 'USR_DOC_01'),
('PT_0132', 'PAT_031', 'TAG_PRIVATE_INS', 'USR_DOC_01'),
('PT_0133', 'PAT_031', 'TAG_VIP', 'USR_DOC_01'),
('PT_0134', 'PAT_032', 'TAG_CHRONIC', 'USR_DOC_01'),
('PT_0135', 'PAT_032', 'TAG_BHYT', 'USR_DOC_01'),
('PT_0136', 'PAT_033', 'TAG_ALLERGY_ALERT', 'USR_DOC_01'),
('PT_0137', 'PAT_033', 'TAG_BHYT', 'USR_DOC_01'),
('PT_0138', 'PAT_034', 'TAG_CHRONIC', 'USR_DOC_01'),
('PT_0139', 'PAT_034', 'TAG_ALLERGY_ALERT', 'USR_DOC_01'),
('PT_0140', 'PAT_034', 'TAG_BHYT', 'USR_DOC_01'),
('PT_0141', 'PAT_036', 'TAG_BHYT', 'USR_DOC_01'),
('PT_0142', 'PAT_037', 'TAG_CHRONIC', 'USR_DOC_01'),
('PT_0143', 'PAT_037', 'TAG_ALLERGY_ALERT', 'USR_DOC_01'),
('PT_0144', 'PAT_037', 'TAG_BHYT', 'USR_DOC_01'),
('PT_0145', 'PAT_037', 'TAG_PRIVATE_INS', 'USR_DOC_01'),
('PT_0146', 'PAT_038', 'TAG_ALLERGY_ALERT', 'USR_DOC_01'),
('PT_0147', 'PAT_038', 'TAG_BHYT', 'USR_DOC_01'),
('PT_0148', 'PAT_039', 'TAG_BHYT', 'USR_DOC_01'),
('PT_0149', 'PAT_040', 'TAG_CHRONIC', 'USR_DOC_01'),
('PT_0150', 'PAT_041', 'TAG_CHRONIC', 'USR_DOC_01'),
('PT_0151', 'PAT_041', 'TAG_ALLERGY_ALERT', 'USR_DOC_01'),
('PT_0152', 'PAT_041', 'TAG_BHYT', 'USR_DOC_01'),
('PT_0153', 'PAT_042', 'TAG_ALLERGY_ALERT', 'USR_DOC_01'),
('PT_0154', 'PAT_042', 'TAG_BHYT', 'USR_DOC_01'),
('PT_0155', 'PAT_043', 'TAG_CHRONIC', 'USR_DOC_01'),
('PT_0156', 'PAT_043', 'TAG_BHYT', 'USR_DOC_01'),
('PT_0157', 'PAT_043', 'TAG_PRIVATE_INS', 'USR_DOC_01'),
('PT_0158', 'PAT_044', 'TAG_DIABETES', 'USR_DOC_01'),
('PT_0159', 'PAT_044', 'TAG_CHRONIC', 'USR_DOC_01'),
('PT_0160', 'PAT_044', 'TAG_BHYT', 'USR_DOC_01'),
('PT_0161', 'PAT_045', 'TAG_ALLERGY_ALERT', 'USR_DOC_01'),
('PT_0162', 'PAT_046', 'TAG_HYPERTENSION', 'USR_DOC_01'),
('PT_0163', 'PAT_046', 'TAG_CHRONIC', 'USR_DOC_01'),
('PT_0164', 'PAT_046', 'TAG_ALLERGY_ALERT', 'USR_DOC_01'),
('PT_0165', 'PAT_046', 'TAG_BHYT', 'USR_DOC_01'),
('PT_0166', 'PAT_047', 'TAG_CHRONIC', 'USR_DOC_01'),
('PT_0167', 'PAT_047', 'TAG_BHYT', 'USR_DOC_01'),
('PT_0168', 'PAT_048', 'TAG_BHYT', 'USR_DOC_01'),
('PT_0169', 'PAT_049', 'TAG_CHRONIC', 'USR_DOC_01'),
('PT_0170', 'PAT_049', 'TAG_ALLERGY_ALERT', 'USR_DOC_01'),
('PT_0171', 'PAT_049', 'TAG_BHYT', 'USR_DOC_01'),
('PT_0172', 'PAT_049', 'TAG_PRIVATE_INS', 'USR_DOC_01'),
('PT_0173', 'PAT_050', 'TAG_ALLERGY_ALERT', 'USR_DOC_01'),
('PT_0174', 'PAT_051', 'TAG_BHYT', 'USR_DOC_01'),
('PT_0175', 'PAT_052', 'TAG_CHRONIC', 'USR_DOC_01'),
('PT_0176', 'PAT_052', 'TAG_BHYT', 'USR_DOC_01'),
('PT_0177', 'PAT_053', 'TAG_ALLERGY_ALERT', 'USR_DOC_01'),
('PT_0178', 'PAT_053', 'TAG_BHYT', 'USR_DOC_01'),
('PT_0179', 'PAT_054', 'TAG_ALLERGY_ALERT', 'USR_DOC_01'),
('PT_0180', 'PAT_054', 'TAG_BHYT', 'USR_DOC_01'),
('PT_0181', 'PAT_055', 'TAG_CHRONIC', 'USR_DOC_01'),
('PT_0182', 'PAT_055', 'TAG_PRIVATE_INS', 'USR_DOC_01'),
('PT_0183', 'PAT_056', 'TAG_CHRONIC', 'USR_DOC_01'),
('PT_0184', 'PAT_056', 'TAG_BHYT', 'USR_DOC_01'),
('PT_0185', 'PAT_057', 'TAG_ALLERGY_ALERT', 'USR_DOC_01'),
('PT_0186', 'PAT_057', 'TAG_BHYT', 'USR_DOC_01'),
('PT_0187', 'PAT_058', 'TAG_CHRONIC', 'USR_DOC_01'),
('PT_0188', 'PAT_058', 'TAG_ALLERGY_ALERT', 'USR_DOC_01'),
('PT_0189', 'PAT_058', 'TAG_BHYT', 'USR_DOC_01'),
('PT_0190', 'PAT_059', 'TAG_DIABETES', 'USR_DOC_01'),
('PT_0191', 'PAT_059', 'TAG_CHRONIC', 'USR_DOC_01'),
('PT_0192', 'PAT_059', 'TAG_BHYT', 'USR_DOC_01'),
('PT_0193', 'PAT_061', 'TAG_HYPERTENSION', 'USR_DOC_01'),
('PT_0194', 'PAT_061', 'TAG_CHRONIC', 'USR_DOC_01'),
('PT_0195', 'PAT_061', 'TAG_ALLERGY_ALERT', 'USR_DOC_01'),
('PT_0196', 'PAT_061', 'TAG_BHYT', 'USR_DOC_01'),
('PT_0197', 'PAT_061', 'TAG_PRIVATE_INS', 'USR_DOC_01'),
('PT_0198', 'PAT_061', 'TAG_VIP', 'USR_DOC_01'),
('PT_0199', 'PAT_062', 'TAG_CHRONIC', 'USR_DOC_01'),
('PT_0200', 'PAT_062', 'TAG_ALLERGY_ALERT', 'USR_DOC_01'),
('PT_0201', 'PAT_062', 'TAG_BHYT', 'USR_DOC_01'),
('PT_0202', 'PAT_063', 'TAG_BHYT', 'USR_DOC_01'),
('PT_0203', 'PAT_064', 'TAG_CHRONIC', 'USR_DOC_01'),
('PT_0204', 'PAT_064', 'TAG_BHYT', 'USR_DOC_01'),
('PT_0205', 'PAT_065', 'TAG_ALLERGY_ALERT', 'USR_DOC_01'),
('PT_0206', 'PAT_066', 'TAG_ALLERGY_ALERT', 'USR_DOC_01'),
('PT_0207', 'PAT_066', 'TAG_BHYT', 'USR_DOC_01'),
('PT_0208', 'PAT_067', 'TAG_CHRONIC', 'USR_DOC_01'),
('PT_0209', 'PAT_067', 'TAG_BHYT', 'USR_DOC_01'),
('PT_0210', 'PAT_067', 'TAG_PRIVATE_INS', 'USR_DOC_01'),
('PT_0211', 'PAT_068', 'TAG_BHYT', 'USR_DOC_01'),
('PT_0212', 'PAT_069', 'TAG_ALLERGY_ALERT', 'USR_DOC_01'),
('PT_0213', 'PAT_069', 'TAG_BHYT', 'USR_DOC_01'),
('PT_0214', 'PAT_070', 'TAG_CHRONIC', 'USR_DOC_01'),
('PT_0215', 'PAT_070', 'TAG_ALLERGY_ALERT', 'USR_DOC_01'),
('PT_0216', 'PAT_071', 'TAG_CHRONIC', 'USR_DOC_01'),
('PT_0217', 'PAT_071', 'TAG_BHYT', 'USR_DOC_01'),
('PT_0218', 'PAT_072', 'TAG_BHYT', 'USR_DOC_01'),
('PT_0219', 'PAT_073', 'TAG_CHRONIC', 'USR_DOC_01'),
('PT_0220', 'PAT_073', 'TAG_ALLERGY_ALERT', 'USR_DOC_01'),
('PT_0221', 'PAT_073', 'TAG_BHYT', 'USR_DOC_01'),
('PT_0222', 'PAT_073', 'TAG_PRIVATE_INS', 'USR_DOC_01'),
('PT_0223', 'PAT_074', 'TAG_DIABETES', 'USR_DOC_01'),
('PT_0224', 'PAT_074', 'TAG_CHRONIC', 'USR_DOC_01'),
('PT_0225', 'PAT_074', 'TAG_ALLERGY_ALERT', 'USR_DOC_01'),
('PT_0226', 'PAT_074', 'TAG_BHYT', 'USR_DOC_01'),
('PT_0227', 'PAT_076', 'TAG_HYPERTENSION', 'USR_DOC_01'),
('PT_0228', 'PAT_076', 'TAG_CHRONIC', 'USR_DOC_01'),
('PT_0229', 'PAT_076', 'TAG_BHYT', 'USR_DOC_01'),
('PT_0230', 'PAT_077', 'TAG_CHRONIC', 'USR_DOC_01'),
('PT_0231', 'PAT_077', 'TAG_ALLERGY_ALERT', 'USR_DOC_01'),
('PT_0232', 'PAT_077', 'TAG_BHYT', 'USR_DOC_01'),
('PT_0233', 'PAT_078', 'TAG_ALLERGY_ALERT', 'USR_DOC_01'),
('PT_0234', 'PAT_078', 'TAG_BHYT', 'USR_DOC_01'),
('PT_0235', 'PAT_079', 'TAG_CHRONIC', 'USR_DOC_01'),
('PT_0236', 'PAT_079', 'TAG_BHYT', 'USR_DOC_01'),
('PT_0237', 'PAT_079', 'TAG_PRIVATE_INS', 'USR_DOC_01'),
('PT_0238', 'PAT_081', 'TAG_ALLERGY_ALERT', 'USR_DOC_01'),
('PT_0239', 'PAT_081', 'TAG_BHYT', 'USR_DOC_01'),
('PT_0240', 'PAT_082', 'TAG_CHRONIC', 'USR_DOC_01'),
('PT_0241', 'PAT_082', 'TAG_ALLERGY_ALERT', 'USR_DOC_01'),
('PT_0242', 'PAT_082', 'TAG_BHYT', 'USR_DOC_01'),
('PT_0243', 'PAT_083', 'TAG_BHYT', 'USR_DOC_01'),
('PT_0244', 'PAT_084', 'TAG_BHYT', 'USR_DOC_01'),
('PT_0245', 'PAT_085', 'TAG_CHRONIC', 'USR_DOC_01'),
('PT_0246', 'PAT_085', 'TAG_ALLERGY_ALERT', 'USR_DOC_01'),
('PT_0247', 'PAT_085', 'TAG_PRIVATE_INS', 'USR_DOC_01'),
('PT_0248', 'PAT_086', 'TAG_CHRONIC', 'USR_DOC_01'),
('PT_0249', 'PAT_086', 'TAG_ALLERGY_ALERT', 'USR_DOC_01'),
('PT_0250', 'PAT_086', 'TAG_BHYT', 'USR_DOC_01'),
('PT_0251', 'PAT_087', 'TAG_BHYT', 'USR_DOC_01'),
('PT_0252', 'PAT_088', 'TAG_CHRONIC', 'USR_DOC_01'),
('PT_0253', 'PAT_088', 'TAG_BHYT', 'USR_DOC_01'),
('PT_0254', 'PAT_089', 'TAG_DIABETES', 'USR_DOC_01'),
('PT_0255', 'PAT_089', 'TAG_CHRONIC', 'USR_DOC_01'),
('PT_0256', 'PAT_089', 'TAG_ALLERGY_ALERT', 'USR_DOC_01'),
('PT_0257', 'PAT_089', 'TAG_BHYT', 'USR_DOC_01'),
('PT_0258', 'PAT_091', 'TAG_BHYT', 'USR_DOC_01'),
('PT_0259', 'PAT_091', 'TAG_PRIVATE_INS', 'USR_DOC_01'),
('PT_0260', 'PAT_091', 'TAG_VIP', 'USR_DOC_01'),
('PT_0261', 'PAT_092', 'TAG_BHYT', 'USR_DOC_01'),
('PT_0262', 'PAT_093', 'TAG_BHYT', 'USR_DOC_01'),
('PT_0263', 'PAT_094', 'TAG_BHYT', 'USR_DOC_01'),
('PT_0264', 'PAT_096', 'TAG_BHYT', 'USR_DOC_01'),
('PT_0265', 'PAT_097', 'TAG_BHYT', 'USR_DOC_01'),
('PT_0266', 'PAT_097', 'TAG_PRIVATE_INS', 'USR_DOC_01'),
('PT_0267', 'PAT_098', 'TAG_BHYT', 'USR_DOC_01'),
('PT_0268', 'PAT_099', 'TAG_BHYT', 'USR_DOC_01'),
('PT_0269', 'PAT_101', 'TAG_BHYT', 'USR_DOC_01'),
('PT_0270', 'PAT_102', 'TAG_BHYT', 'USR_DOC_01'),
('PT_0271', 'PAT_103', 'TAG_BHYT', 'USR_DOC_01'),
('PT_0272', 'PAT_103', 'TAG_PRIVATE_INS', 'USR_DOC_01'),
('PT_0273', 'PAT_104', 'TAG_BHYT', 'USR_DOC_01'),
('PT_0274', 'PAT_106', 'TAG_BHYT', 'USR_DOC_01'),
('PT_0275', 'PAT_107', 'TAG_BHYT', 'USR_DOC_01'),
('PT_0276', 'PAT_108', 'TAG_BHYT', 'USR_DOC_01'),
('PT_0277', 'PAT_109', 'TAG_BHYT', 'USR_DOC_01'),
('PT_0278', 'PAT_109', 'TAG_PRIVATE_INS', 'USR_DOC_01'),
('PT_0279', 'PAT_111', 'TAG_BHYT', 'USR_DOC_01'),
('PT_0280', 'PAT_112', 'TAG_BHYT', 'USR_DOC_01'),
('PT_0281', 'PAT_112', 'TAG_PREGNANT', 'USR_DOC_01'),
('PT_0282', 'PAT_113', 'TAG_BHYT', 'USR_DOC_01'),
('PT_0283', 'PAT_114', 'TAG_BHYT', 'USR_DOC_01'),
('PT_0284', 'PAT_114', 'TAG_PREGNANT', 'USR_DOC_01'),
('PT_0285', 'PAT_115', 'TAG_PRIVATE_INS', 'USR_DOC_01'),
('PT_0286', 'PAT_116', 'TAG_BHYT', 'USR_DOC_01'),
('PT_0287', 'PAT_116', 'TAG_PREGNANT', 'USR_DOC_01'),
('PT_0288', 'PAT_117', 'TAG_BHYT', 'USR_DOC_01'),
('PT_0289', 'PAT_118', 'TAG_BHYT', 'USR_DOC_01'),
('PT_0290', 'PAT_118', 'TAG_PREGNANT', 'USR_DOC_01'),
('PT_0291', 'PAT_119', 'TAG_BHYT', 'USR_DOC_01'),
('PT_0292', 'PAT_120', 'TAG_PREGNANT', 'USR_DOC_01'),
('PT_0293', 'PAT_121', 'TAG_BHYT', 'USR_DOC_01'),
('PT_0294', 'PAT_121', 'TAG_PRIVATE_INS', 'USR_DOC_01'),
('PT_0295', 'PAT_121', 'TAG_VIP', 'USR_DOC_01'),
('PT_0296', 'PAT_122', 'TAG_BHYT', 'USR_DOC_01'),
('PT_0297', 'PAT_123', 'TAG_BHYT', 'USR_DOC_01'),
('PT_0298', 'PAT_124', 'TAG_BHYT', 'USR_DOC_01'),
('PT_0299', 'PAT_126', 'TAG_BHYT', 'USR_DOC_01'),
('PT_0300', 'PAT_127', 'TAG_BHYT', 'USR_DOC_01'),
('PT_0301', 'PAT_127', 'TAG_PRIVATE_INS', 'USR_DOC_01'),
('PT_0302', 'PAT_128', 'TAG_BHYT', 'USR_DOC_01'),
('PT_0303', 'PAT_129', 'TAG_BHYT', 'USR_DOC_01'),
('PT_0304', 'PAT_131', 'TAG_BHYT', 'USR_DOC_01'),
('PT_0305', 'PAT_131', 'TAG_NEW_PATIENT', 'USR_DOC_01'),
('PT_0306', 'PAT_132', 'TAG_BHYT', 'USR_DOC_01'),
('PT_0307', 'PAT_132', 'TAG_NEW_PATIENT', 'USR_DOC_01'),
('PT_0308', 'PAT_133', 'TAG_BHYT', 'USR_DOC_01'),
('PT_0309', 'PAT_133', 'TAG_PRIVATE_INS', 'USR_DOC_01'),
('PT_0310', 'PAT_133', 'TAG_NEW_PATIENT', 'USR_DOC_01'),
('PT_0311', 'PAT_134', 'TAG_BHYT', 'USR_DOC_01'),
('PT_0312', 'PAT_134', 'TAG_NEW_PATIENT', 'USR_DOC_01'),
('PT_0313', 'PAT_135', 'TAG_NEW_PATIENT', 'USR_DOC_01'),
('PT_0314', 'PAT_136', 'TAG_BHYT', 'USR_DOC_01'),
('PT_0315', 'PAT_136', 'TAG_NEW_PATIENT', 'USR_DOC_01'),
('PT_0316', 'PAT_137', 'TAG_BHYT', 'USR_DOC_01'),
('PT_0317', 'PAT_137', 'TAG_NEW_PATIENT', 'USR_DOC_01'),
('PT_0318', 'PAT_138', 'TAG_BHYT', 'USR_DOC_01'),
('PT_0319', 'PAT_138', 'TAG_NEW_PATIENT', 'USR_DOC_01'),
('PT_0320', 'PAT_139', 'TAG_BHYT', 'USR_DOC_01'),
('PT_0321', 'PAT_139', 'TAG_PRIVATE_INS', 'USR_DOC_01'),
('PT_0322', 'PAT_139', 'TAG_NEW_PATIENT', 'USR_DOC_01'),
('PT_0323', 'PAT_140', 'TAG_NEW_PATIENT', 'USR_DOC_01'),
('PT_0324', 'PAT_141', 'TAG_BHYT', 'USR_DOC_01'),
('PT_0325', 'PAT_141', 'TAG_NEW_PATIENT', 'USR_DOC_01'),
('PT_0326', 'PAT_142', 'TAG_BHYT', 'USR_DOC_01'),
('PT_0327', 'PAT_142', 'TAG_NEW_PATIENT', 'USR_DOC_01'),
('PT_0328', 'PAT_143', 'TAG_BHYT', 'USR_DOC_01'),
('PT_0329', 'PAT_143', 'TAG_NEW_PATIENT', 'USR_DOC_01'),
('PT_0330', 'PAT_144', 'TAG_BHYT', 'USR_DOC_01'),
('PT_0331', 'PAT_144', 'TAG_NEW_PATIENT', 'USR_DOC_01'),
('PT_0332', 'PAT_145', 'TAG_PRIVATE_INS', 'USR_DOC_01'),
('PT_0333', 'PAT_145', 'TAG_NEW_PATIENT', 'USR_DOC_01'),
('PT_0334', 'PAT_146', 'TAG_BHYT', 'USR_DOC_01'),
('PT_0335', 'PAT_146', 'TAG_NEW_PATIENT', 'USR_DOC_01'),
('PT_0336', 'PAT_147', 'TAG_BHYT', 'USR_DOC_01'),
('PT_0337', 'PAT_147', 'TAG_PEDIATRIC', 'USR_DOC_01'),
('PT_0338', 'PAT_147', 'TAG_NEW_PATIENT', 'USR_DOC_01'),
('PT_0339', 'PAT_148', 'TAG_BHYT', 'USR_DOC_01'),
('PT_0340', 'PAT_148', 'TAG_PEDIATRIC', 'USR_DOC_01'),
('PT_0341', 'PAT_148', 'TAG_NEW_PATIENT', 'USR_DOC_01'),
('PT_0342', 'PAT_149', 'TAG_BHYT', 'USR_DOC_01'),
('PT_0343', 'PAT_149', 'TAG_PEDIATRIC', 'USR_DOC_01'),
('PT_0344', 'PAT_149', 'TAG_NEW_PATIENT', 'USR_DOC_01'),
('PT_0345', 'PAT_150', 'TAG_PEDIATRIC', 'USR_DOC_01'),
('PT_0346', 'PAT_150', 'TAG_NEW_PATIENT', 'USR_DOC_01');

COMMIT;

-- =====================================================================
-- THỐNG KÊ SEED DATA MODULE 7 - HỒ SƠ BỆNH NHÂN
-- =====================================================================
-- patients:            150 hồ sơ bệnh nhân
-- patient_contacts:    200 người liên hệ khẩn cấp / thân nhân
-- patient_insurances:  140 thẻ bảo hiểm (120 BHYT + 20 BH tư nhân)
-- medical_histories:   100 tiền sử bệnh lý (~60 BN, 40%)
-- patient_allergies:   57 dị ứng (~45 BN, 30%)
-- patient_tags:        346 thẻ gắn bệnh nhân
-- TỔNG:                993 bản ghi
-- =====================================================================