-- =====================================================================
-- SEED DATA: MODULE 8 - DƯỢC PHẨM & QUẢN LÝ KHO (PHARMACY)
-- =====================================================================
-- Thứ tự chạy: SAU 01, 01b, 02, 03, 04, 05, 06, 06b, 07
-- Bao gồm: drug_categories, drugs, pharmacy_inventory
-- =====================================================================

BEGIN;

-- *********************************************************************
-- 1. NHÓM DƯỢC PHẨM (DRUG_CATEGORIES) - 20 nhóm
-- *********************************************************************
INSERT INTO drug_categories (drug_categories_id, code, name, description) VALUES
('DCAT_ANTIBIOTIC', 'ANTIBIOTIC', 'Kháng sinh', 'Nhóm thuốc kháng sinh diệt khuẩn và kìm khuẩn (Penicillin, Cephalosporin, Macrolide, Quinolone...)'),
('DCAT_NSAID', 'NSAID', 'Giảm đau - Kháng viêm NSAIDs', 'Thuốc giảm đau, hạ sốt, kháng viêm không steroid (Ibuprofen, Diclofenac, Meloxicam...)'),
('DCAT_ANALGESIC', 'ANALGESIC', 'Giảm đau - Hạ sốt', 'Thuốc giảm đau và hạ sốt thông thường (Paracetamol, Tramadol...)'),
('DCAT_CARDIO', 'CARDIOVASCULAR', 'Tim mạch', 'Thuốc điều trị bệnh tim mạch, huyết áp, rối loạn nhịp tim'),
('DCAT_DIABET', 'ANTIDIABETIC', 'Đái tháo đường', 'Thuốc điều trị đái tháo đường type 1 và type 2'),
('DCAT_LIPID', 'LIPID_LOWERING', 'Hạ lipid máu', 'Thuốc điều trị rối loạn lipid máu, giảm cholesterol'),
('DCAT_GI', 'GASTROINTESTINAL', 'Tiêu hóa', 'Thuốc điều trị bệnh lý đường tiêu hóa (dạ dày, ruột, gan mật)'),
('DCAT_RESPIR', 'RESPIRATORY', 'Hô hấp', 'Thuốc điều trị bệnh lý đường hô hấp (hen, COPD, ho, long đờm)'),
('DCAT_NEURO', 'NEUROLOGICAL', 'Thần kinh', 'Thuốc tác dụng trên hệ thần kinh (an thần, chống co giật, migraine)'),
('DCAT_CORTICO', 'CORTICOSTEROID', 'Corticosteroid', 'Thuốc kháng viêm steroid (Prednisolone, Dexamethasone, Methylprednisolone)'),
('DCAT_ANTIHIST', 'ANTIHISTAMINE', 'Kháng Histamine - Chống dị ứng', 'Thuốc chống dị ứng, kháng histamine H1 (Cetirizine, Loratadine, Fexofenadine)'),
('DCAT_VITAMIN', 'VITAMIN_MINERAL', 'Vitamin & Khoáng chất', 'Bổ sung vitamin, khoáng chất, vi chất dinh dưỡng'),
('DCAT_ANTICOAG', 'ANTICOAGULANT', 'Chống đông máu', 'Thuốc chống đông, chống kết tập tiểu cầu (Warfarin, Clopidogrel, Enoxaparin)'),
('DCAT_DERMA', 'DERMATOLOGICAL', 'Da liễu', 'Thuốc bôi ngoài da, kem dưỡng, trị nấm, viêm da'),
('DCAT_OPHTHAL', 'OPHTHALMIC', 'Nhãn khoa', 'Thuốc nhỏ mắt, tra mắt điều trị bệnh lý mắt'),
('DCAT_ENT', 'ENT', 'Tai - Mũi - Họng', 'Thuốc xịt mũi, nhỏ tai, súc họng điều trị TMH'),
('DCAT_MUSCLE', 'MUSCLE_RELAXANT', 'Giãn cơ', 'Thuốc giãn cơ vân, giảm co thắt cơ (Eperisone, Thiocolchicoside)'),
('DCAT_UROLOGY', 'UROLOGY', 'Tiết niệu - Sinh dục', 'Thuốc điều trị bệnh lý tiết niệu, sỏi thận, phì đại tuyến tiền liệt'),
('DCAT_INFUSION', 'INFUSION_FLUID', 'Dịch truyền', 'Dịch truyền tĩnh mạch (NaCl 0.9%, Glucose 5%, Ringer Lactate)'),
('DCAT_VACCINE', 'VACCINE', 'Vắc-xin', 'Vắc-xin phòng bệnh (Cúm, Viêm gan B, HPV, COVID-19)');

-- *********************************************************************
-- 2. DANH MỤC THUỐC (DRUGS) - 120 thuốc phổ biến
-- Bao gồm: Kháng sinh, Giảm đau, NSAIDs, Tim mạch, ĐTĐ, Lipid,
-- Tiêu hóa, Hô hấp, Thần kinh, Corticoid, Kháng histamine,
-- Vitamin, Chống đông, Da liễu, Nhãn khoa, TMH, Giãn cơ,
-- Tiết niệu, Dịch truyền, Vắc-xin
-- *********************************************************************
INSERT INTO drugs (drugs_id, drug_code, national_drug_code, brand_name, active_ingredients, category_id, route_of_administration, dispensing_unit, is_prescription_only, is_active) VALUES
('DRG_001', 'AMOX500', 'VN-12345-12', 'Amoxicillin 500mg', 'Amoxicillin 500mg', 'DCAT_ANTIBIOTIC', 'ORAL', 'Viên', TRUE, TRUE),
('DRG_002', 'AMOX_CLAV', 'VN-12346-12', 'Augmentin 1g', 'Amoxicillin 875mg + Clavulanic acid 125mg', 'DCAT_ANTIBIOTIC', 'ORAL', 'Viên', TRUE, TRUE),
('DRG_003', 'CEFUR500', 'VN-12347-12', 'Zinnat 500mg', 'Cefuroxime 500mg', 'DCAT_ANTIBIOTIC', 'ORAL', 'Viên', TRUE, TRUE),
('DRG_004', 'CEFTRI1G', 'VN-12348-12', 'Ceftriaxone 1g', 'Ceftriaxone 1g', 'DCAT_ANTIBIOTIC', 'INJECTION', 'Lọ', TRUE, TRUE),
('DRG_005', 'AZITHRO500', 'VN-12349-12', 'Zithromax 500mg', 'Azithromycin 500mg', 'DCAT_ANTIBIOTIC', 'ORAL', 'Viên', TRUE, TRUE),
('DRG_006', 'CIPRO500', 'VN-12350-12', 'Ciprofloxacin 500mg', 'Ciprofloxacin 500mg', 'DCAT_ANTIBIOTIC', 'ORAL', 'Viên', TRUE, TRUE),
('DRG_007', 'LEVOFLOX', 'VN-12351-12', 'Tavanic 500mg', 'Levofloxacin 500mg', 'DCAT_ANTIBIOTIC', 'ORAL', 'Viên', TRUE, TRUE),
('DRG_008', 'METRO500', 'VN-12352-12', 'Flagyl 500mg', 'Metronidazole 500mg', 'DCAT_ANTIBIOTIC', 'ORAL', 'Viên', TRUE, TRUE),
('DRG_009', 'DOXY100', 'VN-12353-12', 'Doxycycline 100mg', 'Doxycycline 100mg', 'DCAT_ANTIBIOTIC', 'ORAL', 'Viên', TRUE, TRUE),
('DRG_010', 'CLARI500', 'VN-12354-12', 'Klacid 500mg', 'Clarithromycin 500mg', 'DCAT_ANTIBIOTIC', 'ORAL', 'Viên', TRUE, TRUE),
('DRG_011', 'PARA500', 'VN-12355-12', 'Paracetamol 500mg', 'Paracetamol (Acetaminophen) 500mg', 'DCAT_ANALGESIC', 'ORAL', 'Viên', FALSE, TRUE),
('DRG_012', 'EFFERA', 'VN-12356-12', 'Efferalgan 500mg (sủi)', 'Paracetamol 500mg', 'DCAT_ANALGESIC', 'ORAL', 'Viên', FALSE, TRUE),
('DRG_013', 'PARA_CODEIN', 'VN-12357-12', 'Efferalgan Codein', 'Paracetamol 500mg + Codein 30mg', 'DCAT_ANALGESIC', 'ORAL', 'Viên', TRUE, TRUE),
('DRG_014', 'TRAMADOL', 'VN-12358-12', 'Tramadol 50mg', 'Tramadol HCl 50mg', 'DCAT_ANALGESIC', 'ORAL', 'Viên', TRUE, TRUE),
('DRG_015', 'IBUPRO400', 'VN-12359-12', 'Ibuprofen 400mg', 'Ibuprofen 400mg', 'DCAT_NSAID', 'ORAL', 'Viên', FALSE, TRUE),
('DRG_016', 'DICLO50', 'VN-12360-12', 'Voltaren 50mg', 'Diclofenac sodium 50mg', 'DCAT_NSAID', 'ORAL', 'Viên', TRUE, TRUE),
('DRG_017', 'MELOX75', 'VN-12361-12', 'Mobic 7.5mg', 'Meloxicam 7.5mg', 'DCAT_NSAID', 'ORAL', 'Viên', TRUE, TRUE),
('DRG_018', 'CELECO200', 'VN-12362-12', 'Celebrex 200mg', 'Celecoxib 200mg', 'DCAT_NSAID', 'ORAL', 'Viên', TRUE, TRUE),
('DRG_019', 'DICLO_GEL', 'VN-12363-12', 'Voltaren Emulgel', 'Diclofenac diethylamine 1%', 'DCAT_NSAID', 'TOPICAL', 'Tuýp', FALSE, TRUE),
('DRG_020', 'ASPIRIN81', 'VN-12364-12', 'Aspirin 81mg', 'Acetylsalicylic acid 81mg', 'DCAT_NSAID', 'ORAL', 'Viên', FALSE, TRUE),
('DRG_021', 'AMLO5', 'VN-12365-12', 'Norvasc 5mg', 'Amlodipine 5mg', 'DCAT_CARDIO', 'ORAL', 'Viên', TRUE, TRUE),
('DRG_022', 'AMLO10', 'VN-12366-12', 'Norvasc 10mg', 'Amlodipine 10mg', 'DCAT_CARDIO', 'ORAL', 'Viên', TRUE, TRUE),
('DRG_023', 'LOSAR50', 'VN-12367-12', 'Cozaar 50mg', 'Losartan potassium 50mg', 'DCAT_CARDIO', 'ORAL', 'Viên', TRUE, TRUE),
('DRG_024', 'VALSAR80', 'VN-12368-12', 'Diovan 80mg', 'Valsartan 80mg', 'DCAT_CARDIO', 'ORAL', 'Viên', TRUE, TRUE),
('DRG_025', 'ENAL5', 'VN-12369-12', 'Enalapril 5mg', 'Enalapril maleate 5mg', 'DCAT_CARDIO', 'ORAL', 'Viên', TRUE, TRUE),
('DRG_026', 'BISO5', 'VN-12370-12', 'Concor 5mg', 'Bisoprolol fumarate 5mg', 'DCAT_CARDIO', 'ORAL', 'Viên', TRUE, TRUE),
('DRG_027', 'PROP40', 'VN-12371-12', 'Propranolol 40mg', 'Propranolol HCl 40mg', 'DCAT_CARDIO', 'ORAL', 'Viên', TRUE, TRUE),
('DRG_028', 'HYDRO25', 'VN-12372-12', 'Hydrochlorothiazide 25mg', 'Hydrochlorothiazide 25mg', 'DCAT_CARDIO', 'ORAL', 'Viên', TRUE, TRUE),
('DRG_029', 'FURO40', 'VN-12373-12', 'Lasix 40mg', 'Furosemide 40mg', 'DCAT_CARDIO', 'ORAL', 'Viên', TRUE, TRUE),
('DRG_030', 'NIFED20', 'VN-12374-12', 'Adalat LA 20mg', 'Nifedipine 20mg (phóng thích kéo dài)', 'DCAT_CARDIO', 'ORAL', 'Viên', TRUE, TRUE),
('DRG_031', 'DIGOX025', 'VN-12375-12', 'Digoxin 0.25mg', 'Digoxin 0.25mg', 'DCAT_CARDIO', 'ORAL', 'Viên', TRUE, TRUE),
('DRG_032', 'ISOSOR5', 'VN-12376-12', 'Isosorbide dinitrate 5mg', 'Isosorbide dinitrate 5mg', 'DCAT_CARDIO', 'ORAL', 'Viên', TRUE, TRUE),
('DRG_033', 'METFOR500', 'VN-12377-12', 'Glucophage 500mg', 'Metformin HCl 500mg', 'DCAT_DIABET', 'ORAL', 'Viên', TRUE, TRUE),
('DRG_034', 'METFOR850', 'VN-12378-12', 'Glucophage 850mg', 'Metformin HCl 850mg', 'DCAT_DIABET', 'ORAL', 'Viên', TRUE, TRUE),
('DRG_035', 'GLICLA30', 'VN-12379-12', 'Diamicron MR 30mg', 'Gliclazide 30mg (phóng thích biến đổi)', 'DCAT_DIABET', 'ORAL', 'Viên', TRUE, TRUE),
('DRG_036', 'GLIME2', 'VN-12380-12', 'Amaryl 2mg', 'Glimepiride 2mg', 'DCAT_DIABET', 'ORAL', 'Viên', TRUE, TRUE),
('DRG_037', 'SITA50', 'VN-12381-12', 'Januvia 50mg', 'Sitagliptin 50mg', 'DCAT_DIABET', 'ORAL', 'Viên', TRUE, TRUE),
('DRG_038', 'INSU_NPH', 'VN-12382-12', 'Humulin N', 'Insulin isophane (NPH) 100UI/mL', 'DCAT_DIABET', 'INJECTION', 'Lọ', TRUE, TRUE),
('DRG_039', 'ATOR20', 'VN-12383-12', 'Lipitor 20mg', 'Atorvastatin 20mg', 'DCAT_LIPID', 'ORAL', 'Viên', TRUE, TRUE),
('DRG_040', 'ROSUVA10', 'VN-12384-12', 'Crestor 10mg', 'Rosuvastatin 10mg', 'DCAT_LIPID', 'ORAL', 'Viên', TRUE, TRUE),
('DRG_041', 'SIMVA20', 'VN-12385-12', 'Zocor 20mg', 'Simvastatin 20mg', 'DCAT_LIPID', 'ORAL', 'Viên', TRUE, TRUE),
('DRG_042', 'FENO160', 'VN-12386-12', 'Lipanthyl 160mg', 'Fenofibrate 160mg', 'DCAT_LIPID', 'ORAL', 'Viên', TRUE, TRUE),
('DRG_043', 'EZETI10', 'VN-12387-12', 'Zetia 10mg', 'Ezetimibe 10mg', 'DCAT_LIPID', 'ORAL', 'Viên', TRUE, TRUE),
('DRG_044', 'OMEP20', 'VN-12388-12', 'Losec MUPS 20mg', 'Omeprazole 20mg', 'DCAT_GI', 'ORAL', 'Viên', TRUE, TRUE),
('DRG_045', 'ESOM40', 'VN-12389-12', 'Nexium 40mg', 'Esomeprazole 40mg', 'DCAT_GI', 'ORAL', 'Viên', TRUE, TRUE),
('DRG_046', 'PANTO40', 'VN-12390-12', 'Pantoprazole 40mg', 'Pantoprazole sodium 40mg', 'DCAT_GI', 'ORAL', 'Viên', TRUE, TRUE),
('DRG_047', 'RANIT150', 'VN-12391-12', 'Zantac 150mg', 'Ranitidine 150mg', 'DCAT_GI', 'ORAL', 'Viên', TRUE, TRUE),
('DRG_048', 'DOMPER10', 'VN-12392-12', 'Motilium 10mg', 'Domperidone 10mg', 'DCAT_GI', 'ORAL', 'Viên', FALSE, TRUE),
('DRG_049', 'LOPERA2', 'VN-12393-12', 'Imodium 2mg', 'Loperamide HCl 2mg', 'DCAT_GI', 'ORAL', 'Viên', FALSE, TRUE),
('DRG_050', 'PHOSPHA', 'VN-12394-12', 'Phosphalugel', 'Nhôm phosphat gel 20%', 'DCAT_GI', 'ORAL', 'Gói', FALSE, TRUE),
('DRG_051', 'SMECTA', 'VN-12395-12', 'Smecta', 'Diosmectite 3g', 'DCAT_GI', 'ORAL', 'Gói', FALSE, TRUE),
('DRG_052', 'URSOD300', 'VN-12396-12', 'Ursodiol 300mg', 'Ursodeoxycholic acid 300mg', 'DCAT_GI', 'ORAL', 'Viên', TRUE, TRUE),
('DRG_053', 'LACTOB', 'VN-12397-12', 'Bioflora', 'Saccharomyces boulardii 250mg', 'DCAT_GI', 'ORAL', 'Gói', FALSE, TRUE),
('DRG_054', 'SALBU_INH', 'VN-12398-12', 'Ventolin Inhaler', 'Salbutamol 100mcg/liều', 'DCAT_RESPIR', 'INHALATION', 'Bình xịt', TRUE, TRUE),
('DRG_055', 'BUDES_INH', 'VN-12399-12', 'Pulmicort Turbuhaler', 'Budesonide 200mcg/liều', 'DCAT_RESPIR', 'INHALATION', 'Bình xịt', TRUE, TRUE),
('DRG_056', 'MONTE10', 'VN-12400-12', 'Singulair 10mg', 'Montelukast sodium 10mg', 'DCAT_RESPIR', 'ORAL', 'Viên', TRUE, TRUE),
('DRG_057', 'TERBU_SYR', 'VN-12401-12', 'Bricanyl Syrup', 'Terbutaline sulfate 1.5mg/5mL', 'DCAT_RESPIR', 'ORAL', 'Chai', TRUE, TRUE),
('DRG_058', 'ACETY200', 'VN-12402-12', 'Acemuc 200mg', 'Acetylcysteine 200mg', 'DCAT_RESPIR', 'ORAL', 'Gói', FALSE, TRUE),
('DRG_059', 'AMBRO30', 'VN-12403-12', 'Mucosolvan 30mg', 'Ambroxol HCl 30mg', 'DCAT_RESPIR', 'ORAL', 'Viên', FALSE, TRUE),
('DRG_060', 'DEXTRO', 'VN-12404-12', 'Dextromethorphan 15mg', 'Dextromethorphan HBr 15mg', 'DCAT_RESPIR', 'ORAL', 'Viên', FALSE, TRUE),
('DRG_061', 'THEOPHY200', 'VN-12405-12', 'Theophylline 200mg', 'Theophylline 200mg (phóng thích chậm)', 'DCAT_RESPIR', 'ORAL', 'Viên', TRUE, TRUE),
('DRG_062', 'GABAP300', 'VN-12406-12', 'Neurontin 300mg', 'Gabapentin 300mg', 'DCAT_NEURO', 'ORAL', 'Viên', TRUE, TRUE),
('DRG_063', 'CARBA200', 'VN-12407-12', 'Tegretol 200mg', 'Carbamazepine 200mg', 'DCAT_NEURO', 'ORAL', 'Viên', TRUE, TRUE),
('DRG_064', 'SUMA50', 'VN-12408-12', 'Imigran 50mg', 'Sumatriptan 50mg', 'DCAT_NEURO', 'ORAL', 'Viên', TRUE, TRUE),
('DRG_065', 'DIAZE5', 'VN-12409-12', 'Valium 5mg', 'Diazepam 5mg', 'DCAT_NEURO', 'ORAL', 'Viên', TRUE, TRUE),
('DRG_066', 'ALPRA025', 'VN-12410-12', 'Xanax 0.25mg', 'Alprazolam 0.25mg', 'DCAT_NEURO', 'ORAL', 'Viên', TRUE, TRUE),
('DRG_067', 'AMITRI25', 'VN-12411-12', 'Amitriptyline 25mg', 'Amitriptyline HCl 25mg', 'DCAT_NEURO', 'ORAL', 'Viên', TRUE, TRUE),
('DRG_068', 'PRED5', 'VN-12412-12', 'Prednisolone 5mg', 'Prednisolone 5mg', 'DCAT_CORTICO', 'ORAL', 'Viên', TRUE, TRUE),
('DRG_069', 'DEXA4', 'VN-12413-12', 'Dexamethasone 4mg (tiêm)', 'Dexamethasone sodium phosphate 4mg/mL', 'DCAT_CORTICO', 'INJECTION', 'Ống', TRUE, TRUE),
('DRG_070', 'METHYL16', 'VN-12414-12', 'Medrol 16mg', 'Methylprednisolone 16mg', 'DCAT_CORTICO', 'ORAL', 'Viên', TRUE, TRUE),
('DRG_071', 'HYDRO_CRM', 'VN-12415-12', 'Hydrocortisone Cream 1%', 'Hydrocortisone 1%', 'DCAT_CORTICO', 'TOPICAL', 'Tuýp', TRUE, TRUE),
('DRG_072', 'BETA_CRM', 'VN-12416-12', 'Betamethasone Cream 0.05%', 'Betamethasone dipropionate 0.05%', 'DCAT_CORTICO', 'TOPICAL', 'Tuýp', TRUE, TRUE),
('DRG_073', 'CETIR10', 'VN-12417-12', 'Zyrtec 10mg', 'Cetirizine HCl 10mg', 'DCAT_ANTIHIST', 'ORAL', 'Viên', FALSE, TRUE),
('DRG_074', 'LORAT10', 'VN-12418-12', 'Claritin 10mg', 'Loratadine 10mg', 'DCAT_ANTIHIST', 'ORAL', 'Viên', FALSE, TRUE),
('DRG_075', 'FEXO180', 'VN-12419-12', 'Telfast 180mg', 'Fexofenadine HCl 180mg', 'DCAT_ANTIHIST', 'ORAL', 'Viên', FALSE, TRUE),
('DRG_076', 'CHLOR4', 'VN-12420-12', 'Chlorpheniramine 4mg', 'Chlorpheniramine maleate 4mg', 'DCAT_ANTIHIST', 'ORAL', 'Viên', FALSE, TRUE),
('DRG_077', 'DIPHEN25', 'VN-12421-12', 'Benadryl 25mg', 'Diphenhydramine HCl 25mg', 'DCAT_ANTIHIST', 'ORAL', 'Viên', FALSE, TRUE),
('DRG_078', 'VITC500', 'VN-12422-12', 'Vitamin C 500mg', 'Ascorbic acid 500mg', 'DCAT_VITAMIN', 'ORAL', 'Viên', FALSE, TRUE),
('DRG_079', 'VITB_COMP', 'VN-12423-12', 'Vitamin B Complex', 'Thiamine + Riboflavin + Pyridoxine + B12', 'DCAT_VITAMIN', 'ORAL', 'Viên', FALSE, TRUE),
('DRG_080', 'CALC_D3', 'VN-12424-12', 'Calcium D3', 'Calcium carbonate 600mg + Vitamin D3 400IU', 'DCAT_VITAMIN', 'ORAL', 'Viên', FALSE, TRUE),
('DRG_081', 'IRON_FOL', 'VN-12425-12', 'Ferrous Fumarate + Folic Acid', 'Sắt fumarat 200mg + Folic acid 0.4mg', 'DCAT_VITAMIN', 'ORAL', 'Viên', FALSE, TRUE),
('DRG_082', 'ZINC10', 'VN-12426-12', 'Kẽm gluconate 10mg', 'Zinc gluconate 10mg', 'DCAT_VITAMIN', 'ORAL', 'Viên', FALSE, TRUE),
('DRG_083', 'VITD3_1000', 'VN-12427-12', 'Vitamin D3 1000IU', 'Cholecalciferol 1000IU', 'DCAT_VITAMIN', 'ORAL', 'Viên', FALSE, TRUE),
('DRG_084', 'OMEGA3', 'VN-12428-12', 'Fish Oil Omega-3', 'EPA 180mg + DHA 120mg', 'DCAT_VITAMIN', 'ORAL', 'Viên', FALSE, TRUE),
('DRG_085', 'MULTIVIT', 'VN-12429-12', 'Centrum Silver', 'Multivitamin + Multimineral', 'DCAT_VITAMIN', 'ORAL', 'Viên', FALSE, TRUE),
('DRG_086', 'WARFA5', 'VN-12430-12', 'Coumadin 5mg', 'Warfarin sodium 5mg', 'DCAT_ANTICOAG', 'ORAL', 'Viên', TRUE, TRUE),
('DRG_087', 'CLOPI75', 'VN-12431-12', 'Plavix 75mg', 'Clopidogrel 75mg', 'DCAT_ANTICOAG', 'ORAL', 'Viên', TRUE, TRUE),
('DRG_088', 'ENOXA40', 'VN-12432-12', 'Lovenox 40mg', 'Enoxaparin sodium 4000 anti-Xa IU/0.4mL', 'DCAT_ANTICOAG', 'INJECTION', 'Ống', TRUE, TRUE),
('DRG_089', 'RIVARO10', 'VN-12433-12', 'Xarelto 10mg', 'Rivaroxaban 10mg', 'DCAT_ANTICOAG', 'ORAL', 'Viên', TRUE, TRUE),
('DRG_090', 'CLOTRI_CRM', 'VN-12434-12', 'Canesten Cream 1%', 'Clotrimazole 1%', 'DCAT_DERMA', 'TOPICAL', 'Tuýp', FALSE, TRUE),
('DRG_091', 'FUSID_CRM', 'VN-12435-12', 'Fucidin Cream 2%', 'Fusidic acid 2%', 'DCAT_DERMA', 'TOPICAL', 'Tuýp', TRUE, TRUE),
('DRG_092', 'MUPIRO', 'VN-12436-12', 'Bactroban 2%', 'Mupirocin 2%', 'DCAT_DERMA', 'TOPICAL', 'Tuýp', TRUE, TRUE),
('DRG_093', 'ACYCLO_CRM', 'VN-12437-12', 'Zovirax Cream 5%', 'Acyclovir 5%', 'DCAT_DERMA', 'TOPICAL', 'Tuýp', FALSE, TRUE),
('DRG_094', 'KETO_CRM', 'VN-12438-12', 'Nizoral Cream 2%', 'Ketoconazole 2%', 'DCAT_DERMA', 'TOPICAL', 'Tuýp', FALSE, TRUE),
('DRG_095', 'TOBRA_EYE', 'VN-12439-12', 'Tobrex Eye Drops', 'Tobramycin 0.3%', 'DCAT_OPHTHAL', 'OPHTHALMIC', 'Lọ', TRUE, TRUE),
('DRG_096', 'NATU_TEAR', 'VN-12440-12', 'Systane Ultra', 'Polyethylene glycol 0.4% + Propylene glycol 0.3%', 'DCAT_OPHTHAL', 'OPHTHALMIC', 'Lọ', FALSE, TRUE),
('DRG_097', 'PREDNI_EYE', 'VN-12441-12', 'Pred Forte', 'Prednisolone acetate 1%', 'DCAT_OPHTHAL', 'OPHTHALMIC', 'Lọ', TRUE, TRUE),
('DRG_098', 'CIPRO_EYE', 'VN-12442-12', 'Ciloxan Eye Drops', 'Ciprofloxacin 0.3%', 'DCAT_OPHTHAL', 'OPHTHALMIC', 'Lọ', TRUE, TRUE),
('DRG_099', 'OTIPA_EAR', 'VN-12443-12', 'Otipaxa Ear Drops', 'Phenazone + Lidocaine', 'DCAT_ENT', 'OTC', 'Lọ', FALSE, TRUE),
('DRG_100', 'FLTCA_SPRAY', 'VN-12444-12', 'Avamys Nasal Spray', 'Fluticasone furoate 27.5mcg/liều', 'DCAT_ENT', 'NASAL', 'Chai', TRUE, TRUE),
('DRG_101', 'NACL_SPRAY', 'VN-12445-12', 'Sterimar', 'Nước biển sâu (NaCl 0.9%)', 'DCAT_ENT', 'NASAL', 'Chai', FALSE, TRUE),
('DRG_102', 'STREPS', 'VN-12446-12', 'Strepsils', 'Dichlorobenzyl alcohol + Amylmetacresol', 'DCAT_ENT', 'ORAL', 'Viên', FALSE, TRUE),
('DRG_103', 'EPERI50', 'VN-12447-12', 'Myonal 50mg', 'Eperisone HCl 50mg', 'DCAT_MUSCLE', 'ORAL', 'Viên', TRUE, TRUE),
('DRG_104', 'THIOCOL4', 'VN-12448-12', 'Muscoril 4mg', 'Thiocolchicoside 4mg', 'DCAT_MUSCLE', 'ORAL', 'Viên', TRUE, TRUE),
('DRG_105', 'TOLPER150', 'VN-12449-12', 'Mydocalm 150mg', 'Tolperisone HCl 150mg', 'DCAT_MUSCLE', 'ORAL', 'Viên', TRUE, TRUE),
('DRG_106', 'TAMSU04', 'VN-12450-12', 'Flomax 0.4mg', 'Tamsulosin HCl 0.4mg', 'DCAT_UROLOGY', 'ORAL', 'Viên', TRUE, TRUE),
('DRG_107', 'SOLIFE5', 'VN-12451-12', 'Vesicare 5mg', 'Solifenacin succinate 5mg', 'DCAT_UROLOGY', 'ORAL', 'Viên', TRUE, TRUE),
('DRG_108', 'KMAGCIT', 'VN-12452-12', 'K-Citrate', 'Potassium citrate 1080mg', 'DCAT_UROLOGY', 'ORAL', 'Viên', TRUE, TRUE),
('DRG_109', 'NACL09', 'VN-12453-12', 'NaCl 0.9% 500mL', 'Natri clorid 0.9%', 'DCAT_INFUSION', 'INJECTION', 'Chai', TRUE, TRUE),
('DRG_110', 'GLUCO5', 'VN-12454-12', 'Glucose 5% 500mL', 'Glucose 5%', 'DCAT_INFUSION', 'INJECTION', 'Chai', TRUE, TRUE),
('DRG_111', 'RINGER', 'VN-12455-12', 'Ringer Lactate 500mL', 'Ringer Lactate', 'DCAT_INFUSION', 'INJECTION', 'Chai', TRUE, TRUE),
('DRG_112', 'NACL3', 'VN-12456-12', 'NaCl 3% 250mL', 'Natri clorid 3% (ưu trương)', 'DCAT_INFUSION', 'INJECTION', 'Chai', TRUE, TRUE),
('DRG_113', 'MANNITOL', 'VN-12457-12', 'Mannitol 20% 250mL', 'Mannitol 20%', 'DCAT_INFUSION', 'INJECTION', 'Chai', TRUE, TRUE),
('DRG_114', 'VAC_FLU', 'VN-12458-12', 'Vaxigrip Tetra', 'Vắc-xin cúm mùa 4 chủng', 'DCAT_VACCINE', 'INJECTION', 'Liều', TRUE, TRUE),
('DRG_115', 'VAC_HEPB', 'VN-12459-12', 'Engerix-B', 'Vắc-xin Viêm gan B tái tổ hợp', 'DCAT_VACCINE', 'INJECTION', 'Liều', TRUE, TRUE),
('DRG_116', 'VAC_PNEU', 'VN-12460-12', 'Prevenar 13', 'Vắc-xin Phế cầu khuẩn 13 tuýp', 'DCAT_VACCINE', 'INJECTION', 'Liều', TRUE, TRUE),
('DRG_117', 'VAC_HPV', 'VN-12461-12', 'Gardasil 9', 'Vắc-xin HPV 9 tuýp', 'DCAT_VACCINE', 'INJECTION', 'Liều', TRUE, TRUE),
('DRG_118', 'VAC_TETANUS', 'VN-12462-12', 'Tetanus Toxoid', 'Vắc-xin Uốn ván hấp phụ', 'DCAT_VACCINE', 'INJECTION', 'Liều', TRUE, TRUE),
('DRG_119', 'VAC_COVID', 'VN-12463-12', 'Pfizer-BioNTech COVID-19', 'Vắc-xin COVID-19 mRNA (Comirnaty)', 'DCAT_VACCINE', 'INJECTION', 'Liều', TRUE, TRUE),
('DRG_120', 'VAC_SHINGLES', 'VN-12464-12', 'Shingrix', 'Vắc-xin Zona thần kinh tái tổ hợp', 'DCAT_VACCINE', 'INJECTION', 'Liều', TRUE, TRUE);

-- *********************************************************************
-- 3. TỒN KHO DƯỢC PHẨM (PHARMACY_INVENTORY)
-- Mỗi thuốc có 1-2 lô hàng, tổng ~180 bản ghi
-- batch_number: LOT-YYMM-XXXX
-- location_bin: A01-01 → F10-05 (Kệ-Ngăn)
-- *********************************************************************
INSERT INTO pharmacy_inventory (pharmacy_inventory_id, drug_id, batch_number, expiry_date, stock_quantity, unit_cost, unit_price, location_bin) VALUES
('PINV_0001', 'DRG_001', 'LOT-2501-0001', '2027-01-28', 200, 2000.00, 2600.00, 'A01-01'),
('PINV_0002', 'DRG_001', 'LOT-2506-0002', '2028-01-28', 100, 2031.00, 2640.00, 'A01-02'),
('PINV_0003', 'DRG_002', 'LOT-2501-0003', '2027-02-28', 213, 2017.00, 2622.00, 'B01-01'),
('PINV_0004', 'DRG_003', 'LOT-2501-0004', '2027-03-28', 226, 2034.00, 2644.00, 'C01-01'),
('PINV_0005', 'DRG_004', 'LOT-2501-0005', '2027-04-28', 239, 2051.00, 2666.00, 'D01-01'),
('PINV_0006', 'DRG_004', 'LOT-2506-0006', '2028-04-28', 121, 2082.00, 2707.00, 'D01-02'),
('PINV_0007', 'DRG_005', 'LOT-2501-0007', '2027-05-28', 252, 2068.00, 2688.00, 'E01-01'),
('PINV_0008', 'DRG_006', 'LOT-2501-0008', '2027-06-28', 265, 2085.00, 2711.00, 'F01-01'),
('PINV_0009', 'DRG_007', 'LOT-2501-0009', '2027-07-28', 278, 2102.00, 2733.00, 'A02-01'),
('PINV_0010', 'DRG_007', 'LOT-2506-0010', '2028-07-28', 142, 2133.00, 2773.00, 'A02-02'),
('PINV_0011', 'DRG_008', 'LOT-2501-0011', '2027-08-28', 291, 2119.00, 2755.00, 'B02-01'),
('PINV_0012', 'DRG_009', 'LOT-2501-0012', '2027-09-28', 304, 2136.00, 2777.00, 'C02-01'),
('PINV_0013', 'DRG_010', 'LOT-2501-0013', '2027-10-28', 317, 2153.00, 2799.00, 'D02-01'),
('PINV_0014', 'DRG_010', 'LOT-2506-0014', '2028-10-28', 163, 2184.00, 2839.00, 'D02-02'),
('PINV_0015', 'DRG_011', 'LOT-2501-0015', '2027-11-28', 330, 670.00, 871.00, 'E02-01'),
('PINV_0016', 'DRG_012', 'LOT-2501-0016', '2027-12-28', 343, 687.00, 893.00, 'F02-01'),
('PINV_0017', 'DRG_013', 'LOT-2501-0017', '2027-01-28', 356, 704.00, 915.00, 'A03-01'),
('PINV_0018', 'DRG_013', 'LOT-2506-0018', '2028-01-28', 184, 735.00, 956.00, 'A03-02'),
('PINV_0019', 'DRG_014', 'LOT-2501-0019', '2027-02-28', 369, 721.00, 937.00, 'B03-01'),
('PINV_0020', 'DRG_015', 'LOT-2501-0020', '2027-03-28', 382, 1238.00, 1609.00, 'C03-01'),
('PINV_0021', 'DRG_016', 'LOT-2501-0021', '2027-04-28', 395, 1255.00, 1632.00, 'D03-01'),
('PINV_0022', 'DRG_016', 'LOT-2506-0022', '2028-04-28', 205, 1286.00, 1672.00, 'D03-02'),
('PINV_0023', 'DRG_017', 'LOT-2501-0023', '2027-05-28', 408, 1272.00, 1654.00, 'E03-01'),
('PINV_0024', 'DRG_018', 'LOT-2501-0024', '2027-06-28', 421, 1289.00, 1676.00, 'F03-01'),
('PINV_0025', 'DRG_019', 'LOT-2501-0025', '2027-07-28', 434, 1306.00, 1698.00, 'A04-01'),
('PINV_0026', 'DRG_019', 'LOT-2506-0026', '2028-07-28', 226, 1337.00, 1738.00, 'A04-02'),
('PINV_0027', 'DRG_020', 'LOT-2501-0027', '2027-08-28', 447, 1323.00, 1720.00, 'B04-01'),
('PINV_0028', 'DRG_021', 'LOT-2501-0028', '2027-09-28', 460, 3340.00, 4342.00, 'C04-01'),
('PINV_0029', 'DRG_022', 'LOT-2501-0029', '2027-10-28', 473, 3357.00, 4364.00, 'D04-01'),
('PINV_0030', 'DRG_022', 'LOT-2506-0030', '2028-10-28', 247, 3388.00, 4404.00, 'D04-02'),
('PINV_0031', 'DRG_023', 'LOT-2501-0031', '2027-11-28', 486, 3374.00, 4386.00, 'E04-01'),
('PINV_0032', 'DRG_024', 'LOT-2501-0032', '2027-12-28', 499, 3391.00, 4408.00, 'F04-01'),
('PINV_0033', 'DRG_025', 'LOT-2501-0033', '2027-01-28', 512, 3408.00, 4430.00, 'A05-01'),
('PINV_0034', 'DRG_025', 'LOT-2506-0034', '2028-01-28', 268, 3439.00, 4471.00, 'A05-02'),
('PINV_0035', 'DRG_026', 'LOT-2501-0035', '2027-02-28', 525, 3425.00, 4453.00, 'B05-01'),
('PINV_0036', 'DRG_027', 'LOT-2501-0036', '2027-03-28', 538, 3442.00, 4475.00, 'C05-01'),
('PINV_0037', 'DRG_028', 'LOT-2501-0037', '2027-04-28', 551, 3459.00, 4497.00, 'D05-01'),
('PINV_0038', 'DRG_028', 'LOT-2506-0038', '2028-04-28', 289, 3490.00, 4537.00, 'D05-02'),
('PINV_0039', 'DRG_029', 'LOT-2501-0039', '2027-05-28', 564, 3476.00, 4519.00, 'E05-01'),
('PINV_0040', 'DRG_030', 'LOT-2501-0040', '2027-06-28', 577, 3493.00, 4541.00, 'F05-01'),
('PINV_0041', 'DRG_031', 'LOT-2501-0041', '2027-07-28', 590, 3510.00, 4563.00, 'A06-01'),
('PINV_0042', 'DRG_031', 'LOT-2506-0042', '2028-07-28', 310, 3541.00, 4603.00, 'A06-02'),
('PINV_0043', 'DRG_032', 'LOT-2501-0043', '2027-08-28', 603, 3527.00, 4585.00, 'B06-01'),
('PINV_0044', 'DRG_033', 'LOT-2501-0044', '2027-09-28', 616, 2544.00, 3307.00, 'C06-01'),
('PINV_0045', 'DRG_034', 'LOT-2501-0045', '2027-10-28', 629, 2561.00, 3329.00, 'D06-01'),
('PINV_0046', 'DRG_034', 'LOT-2506-0046', '2028-10-28', 331, 2592.00, 3370.00, 'D06-02'),
('PINV_0047', 'DRG_035', 'LOT-2501-0047', '2027-11-28', 642, 2578.00, 3351.00, 'E06-01'),
('PINV_0048', 'DRG_036', 'LOT-2501-0048', '2027-12-28', 655, 2595.00, 3374.00, 'F06-01'),
('PINV_0049', 'DRG_037', 'LOT-2501-0049', '2027-01-28', 668, 2612.00, 3396.00, 'A07-01'),
('PINV_0050', 'DRG_037', 'LOT-2506-0050', '2028-01-28', 352, 2643.00, 3436.00, 'A07-02'),
('PINV_0051', 'DRG_038', 'LOT-2501-0051', '2027-02-28', 681, 2629.00, 3418.00, 'B07-01'),
('PINV_0052', 'DRG_039', 'LOT-2501-0052', '2027-03-28', 694, 5646.00, 7340.00, 'C07-01'),
('PINV_0053', 'DRG_040', 'LOT-2501-0053', '2027-04-28', 707, 5663.00, 7362.00, 'D07-01'),
('PINV_0054', 'DRG_040', 'LOT-2506-0054', '2028-04-28', 373, 5694.00, 7402.00, 'D07-02'),
('PINV_0055', 'DRG_041', 'LOT-2501-0055', '2027-05-28', 720, 5680.00, 7384.00, 'E07-01'),
('PINV_0056', 'DRG_042', 'LOT-2501-0056', '2027-06-28', 733, 5697.00, 7406.00, 'F07-01'),
('PINV_0057', 'DRG_043', 'LOT-2501-0057', '2027-07-28', 746, 5714.00, 7428.00, 'A08-01'),
('PINV_0058', 'DRG_043', 'LOT-2506-0058', '2028-07-28', 394, 5745.00, 7469.00, 'A08-02'),
('PINV_0059', 'DRG_044', 'LOT-2501-0059', '2027-08-28', 759, 1731.00, 2250.00, 'B08-01'),
('PINV_0060', 'DRG_045', 'LOT-2501-0060', '2027-09-28', 772, 1748.00, 2272.00, 'C08-01'),
('PINV_0061', 'DRG_046', 'LOT-2501-0061', '2027-10-28', 785, 1765.00, 2295.00, 'D08-01'),
('PINV_0062', 'DRG_046', 'LOT-2506-0062', '2028-10-28', 415, 1796.00, 2335.00, 'D08-02'),
('PINV_0063', 'DRG_047', 'LOT-2501-0063', '2027-11-28', 798, 1782.00, 2317.00, 'E08-01'),
('PINV_0064', 'DRG_048', 'LOT-2501-0064', '2027-12-28', 811, 1799.00, 2339.00, 'F08-01'),
('PINV_0065', 'DRG_049', 'LOT-2501-0065', '2027-01-28', 824, 1816.00, 2361.00, 'A09-01'),
('PINV_0066', 'DRG_049', 'LOT-2506-0066', '2028-01-28', 436, 1847.00, 2401.00, 'A09-02'),
('PINV_0067', 'DRG_050', 'LOT-2501-0067', '2027-02-28', 837, 1833.00, 2383.00, 'B09-01'),
('PINV_0068', 'DRG_051', 'LOT-2501-0068', '2027-03-28', 850, 1850.00, 2405.00, 'C09-01'),
('PINV_0069', 'DRG_052', 'LOT-2501-0069', '2027-04-28', 863, 1867.00, 2427.00, 'D09-01'),
('PINV_0070', 'DRG_052', 'LOT-2506-0070', '2028-04-28', 457, 1898.00, 2467.00, 'D09-02'),
('PINV_0071', 'DRG_053', 'LOT-2501-0071', '2027-05-28', 876, 1884.00, 2449.00, 'E09-01'),
('PINV_0072', 'DRG_054', 'LOT-2501-0072', '2027-06-28', 889, 2901.00, 3771.00, 'F09-01'),
('PINV_0073', 'DRG_055', 'LOT-2501-0073', '2027-07-28', 902, 2918.00, 3793.00, 'A10-01'),
('PINV_0074', 'DRG_055', 'LOT-2506-0074', '2028-07-28', 478, 2949.00, 3834.00, 'A10-02'),
('PINV_0075', 'DRG_056', 'LOT-2501-0075', '2027-08-28', 915, 2935.00, 3816.00, 'B10-01'),
('PINV_0076', 'DRG_057', 'LOT-2501-0076', '2027-09-28', 928, 2952.00, 3838.00, 'C10-01'),
('PINV_0077', 'DRG_058', 'LOT-2501-0077', '2027-10-28', 941, 2969.00, 3860.00, 'D10-01'),
('PINV_0078', 'DRG_058', 'LOT-2506-0078', '2028-10-28', 499, 3000.00, 3900.00, 'D10-02'),
('PINV_0079', 'DRG_059', 'LOT-2501-0079', '2027-11-28', 954, 2986.00, 3882.00, 'E10-01'),
('PINV_0080', 'DRG_060', 'LOT-2501-0080', '2027-12-28', 967, 3003.00, 3904.00, 'F10-01'),
('PINV_0081', 'DRG_061', 'LOT-2501-0081', '2027-01-28', 980, 3020.00, 3926.00, 'A11-01'),
('PINV_0082', 'DRG_061', 'LOT-2506-0082', '2028-01-28', 520, 3051.00, 3966.00, 'A11-02'),
('PINV_0083', 'DRG_062', 'LOT-2501-0083', '2027-02-28', 993, 4037.00, 5248.00, 'B11-01'),
('PINV_0084', 'DRG_063', 'LOT-2501-0084', '2027-03-28', 206, 4054.00, 5270.00, 'C11-01'),
('PINV_0085', 'DRG_064', 'LOT-2501-0085', '2027-04-28', 219, 4071.00, 5292.00, 'D11-01'),
('PINV_0086', 'DRG_064', 'LOT-2506-0086', '2028-04-28', 541, 4102.00, 5333.00, 'D11-02'),
('PINV_0087', 'DRG_065', 'LOT-2501-0087', '2027-05-28', 232, 4088.00, 5314.00, 'E11-01'),
('PINV_0088', 'DRG_066', 'LOT-2501-0088', '2027-06-28', 245, 4105.00, 5337.00, 'F11-01'),
('PINV_0089', 'DRG_067', 'LOT-2501-0089', '2027-07-28', 258, 4122.00, 5359.00, 'A12-01'),
('PINV_0090', 'DRG_067', 'LOT-2506-0090', '2028-07-28', 562, 4153.00, 5399.00, 'A12-02'),
('PINV_0091', 'DRG_068', 'LOT-2501-0091', '2027-08-28', 271, 2639.00, 3431.00, 'B12-01'),
('PINV_0092', 'DRG_069', 'LOT-2501-0092', '2027-09-28', 284, 2656.00, 3453.00, 'C12-01'),
('PINV_0093', 'DRG_070', 'LOT-2501-0093', '2027-10-28', 297, 2673.00, 3475.00, 'D12-01'),
('PINV_0094', 'DRG_070', 'LOT-2506-0094', '2028-10-28', 583, 2704.00, 3515.00, 'D12-02'),
('PINV_0095', 'DRG_071', 'LOT-2501-0095', '2027-11-28', 310, 2690.00, 3497.00, 'E12-01'),
('PINV_0096', 'DRG_072', 'LOT-2501-0096', '2027-12-28', 323, 2707.00, 3519.00, 'F12-01'),
('PINV_0097', 'DRG_073', 'LOT-2501-0097', '2027-01-28', 336, 2224.00, 2891.00, 'A13-01'),
('PINV_0098', 'DRG_073', 'LOT-2506-0098', '2028-01-28', 104, 2255.00, 2932.00, 'A13-02'),
('PINV_0099', 'DRG_074', 'LOT-2501-0099', '2027-02-28', 349, 2241.00, 2913.00, 'B13-01'),
('PINV_0100', 'DRG_075', 'LOT-2501-0100', '2027-03-28', 362, 2258.00, 2935.00, 'C13-01'),
('PINV_0101', 'DRG_076', 'LOT-2501-0101', '2027-04-28', 375, 2275.00, 2958.00, 'D13-01'),
('PINV_0102', 'DRG_076', 'LOT-2506-0102', '2028-04-28', 125, 2306.00, 2998.00, 'D13-02'),
('PINV_0103', 'DRG_077', 'LOT-2501-0103', '2027-05-28', 388, 2292.00, 2980.00, 'E13-01'),
('PINV_0104', 'DRG_078', 'LOT-2501-0104', '2027-06-28', 401, 1809.00, 2352.00, 'F13-01'),
('PINV_0105', 'DRG_079', 'LOT-2501-0105', '2027-07-28', 414, 1826.00, 2374.00, 'A14-01'),
('PINV_0106', 'DRG_079', 'LOT-2506-0106', '2028-07-28', 146, 1857.00, 2414.00, 'A14-02'),
('PINV_0107', 'DRG_080', 'LOT-2501-0107', '2027-08-28', 427, 1843.00, 2396.00, 'B14-01'),
('PINV_0108', 'DRG_081', 'LOT-2501-0108', '2027-09-28', 440, 1860.00, 2418.00, 'C14-01'),
('PINV_0109', 'DRG_082', 'LOT-2501-0109', '2027-10-28', 453, 1877.00, 2440.00, 'D14-01'),
('PINV_0110', 'DRG_082', 'LOT-2506-0110', '2028-10-28', 167, 1908.00, 2480.00, 'D14-02'),
('PINV_0111', 'DRG_083', 'LOT-2501-0111', '2027-11-28', 466, 1894.00, 2462.00, 'E14-01'),
('PINV_0112', 'DRG_084', 'LOT-2501-0112', '2027-12-28', 479, 1911.00, 2484.00, 'F14-01'),
('PINV_0113', 'DRG_085', 'LOT-2501-0113', '2027-01-28', 492, 1928.00, 2506.00, 'A15-01'),
('PINV_0114', 'DRG_085', 'LOT-2506-0114', '2028-01-28', 188, 1959.00, 2547.00, 'A15-02'),
('PINV_0115', 'DRG_086', 'LOT-2501-0115', '2027-02-28', 505, 6445.00, 8379.00, 'B15-01'),
('PINV_0116', 'DRG_087', 'LOT-2501-0116', '2027-03-28', 518, 6462.00, 8401.00, 'C15-01'),
('PINV_0117', 'DRG_088', 'LOT-2501-0117', '2027-04-28', 531, 6479.00, 8423.00, 'D15-01'),
('PINV_0118', 'DRG_088', 'LOT-2506-0118', '2028-04-28', 209, 6510.00, 8463.00, 'D15-02'),
('PINV_0119', 'DRG_089', 'LOT-2501-0119', '2027-05-28', 544, 6496.00, 8445.00, 'E15-01'),
('PINV_0120', 'DRG_090', 'LOT-2501-0120', '2027-06-28', 557, 16513.00, 21467.00, 'F15-01'),
('PINV_0121', 'DRG_091', 'LOT-2501-0121', '2027-07-28', 570, 16530.00, 21489.00, 'A16-01'),
('PINV_0122', 'DRG_091', 'LOT-2506-0122', '2028-07-28', 230, 16561.00, 21529.00, 'A16-02'),
('PINV_0123', 'DRG_092', 'LOT-2501-0123', '2027-08-28', 583, 16547.00, 21511.00, 'B16-01'),
('PINV_0124', 'DRG_093', 'LOT-2501-0124', '2027-09-28', 596, 16564.00, 21533.00, 'C16-01'),
('PINV_0125', 'DRG_094', 'LOT-2501-0125', '2027-10-28', 609, 16581.00, 21555.00, 'D16-01'),
('PINV_0126', 'DRG_094', 'LOT-2506-0126', '2028-10-28', 251, 16612.00, 21596.00, 'D16-02'),
('PINV_0127', 'DRG_095', 'LOT-2501-0127', '2027-11-28', 622, 21598.00, 28077.00, 'E16-01'),
('PINV_0128', 'DRG_096', 'LOT-2501-0128', '2027-12-28', 635, 21615.00, 28100.00, 'F16-01'),
('PINV_0129', 'DRG_097', 'LOT-2501-0129', '2027-01-28', 648, 21632.00, 28122.00, 'A17-01'),
('PINV_0130', 'DRG_097', 'LOT-2506-0130', '2028-01-28', 272, 21663.00, 28162.00, 'A17-02'),
('PINV_0131', 'DRG_098', 'LOT-2501-0131', '2027-02-28', 661, 21649.00, 28144.00, 'B17-01'),
('PINV_0132', 'DRG_099', 'LOT-2501-0132', '2027-03-28', 674, 11666.00, 15166.00, 'C17-01'),
('PINV_0133', 'DRG_100', 'LOT-2501-0133', '2027-04-28', 687, 11683.00, 15188.00, 'D17-01'),
('PINV_0134', 'DRG_100', 'LOT-2506-0134', '2028-04-28', 293, 11714.00, 15228.00, 'D17-02'),
('PINV_0135', 'DRG_101', 'LOT-2501-0135', '2027-05-28', 700, 11700.00, 15210.00, 'E17-01'),
('PINV_0136', 'DRG_102', 'LOT-2501-0136', '2027-06-28', 713, 11717.00, 15232.00, 'F17-01'),
('PINV_0137', 'DRG_103', 'LOT-2501-0137', '2027-07-28', 726, 3734.00, 4854.00, 'A18-01'),
('PINV_0138', 'DRG_103', 'LOT-2506-0138', '2028-07-28', 314, 3765.00, 4895.00, 'A18-02'),
('PINV_0139', 'DRG_104', 'LOT-2501-0139', '2027-08-28', 739, 3751.00, 4876.00, 'B18-01'),
('PINV_0140', 'DRG_105', 'LOT-2501-0140', '2027-09-28', 752, 3768.00, 4898.00, 'C18-01'),
('PINV_0141', 'DRG_106', 'LOT-2501-0141', '2027-10-28', 765, 6785.00, 8821.00, 'D18-01'),
('PINV_0142', 'DRG_106', 'LOT-2506-0142', '2028-10-28', 335, 6816.00, 8861.00, 'D18-02'),
('PINV_0143', 'DRG_107', 'LOT-2501-0143', '2027-11-28', 778, 6802.00, 8843.00, 'E18-01'),
('PINV_0144', 'DRG_108', 'LOT-2501-0144', '2027-12-28', 791, 6819.00, 8865.00, 'F18-01'),
('PINV_0145', 'DRG_109', 'LOT-2501-0145', '2027-01-28', 804, 16836.00, 21887.00, 'A19-01'),
('PINV_0146', 'DRG_109', 'LOT-2506-0146', '2028-01-28', 356, 16867.00, 21927.00, 'A19-02'),
('PINV_0147', 'DRG_110', 'LOT-2501-0147', '2027-02-28', 817, 16853.00, 21909.00, 'B19-01'),
('PINV_0148', 'DRG_111', 'LOT-2501-0148', '2027-03-28', 830, 16870.00, 21931.00, 'C19-01'),
('PINV_0149', 'DRG_112', 'LOT-2501-0149', '2027-04-28', 843, 16887.00, 21953.00, 'D19-01'),
('PINV_0150', 'DRG_112', 'LOT-2506-0150', '2028-04-28', 377, 16918.00, 21993.00, 'D19-02'),
('PINV_0151', 'DRG_113', 'LOT-2501-0151', '2027-05-28', 856, 16904.00, 21975.00, 'E19-01'),
('PINV_0152', 'DRG_114', 'LOT-2501-0152', '2027-06-28', 869, 151921.00, 197497.00, 'F19-01'),
('PINV_0153', 'DRG_115', 'LOT-2501-0153', '2027-07-28', 882, 151938.00, 197519.00, 'A20-01'),
('PINV_0154', 'DRG_115', 'LOT-2506-0154', '2028-07-28', 398, 151969.00, 197560.00, 'A20-02'),
('PINV_0155', 'DRG_116', 'LOT-2501-0155', '2027-08-28', 895, 151955.00, 197542.00, 'B20-01'),
('PINV_0156', 'DRG_117', 'LOT-2501-0156', '2027-09-28', 908, 151972.00, 197564.00, 'C20-01'),
('PINV_0157', 'DRG_118', 'LOT-2501-0157', '2027-10-28', 921, 151989.00, 197586.00, 'D20-01'),
('PINV_0158', 'DRG_118', 'LOT-2506-0158', '2028-10-28', 419, 152020.00, 197626.00, 'D20-02'),
('PINV_0159', 'DRG_119', 'LOT-2501-0159', '2027-11-28', 934, 152006.00, 197608.00, 'E20-01'),
('PINV_0160', 'DRG_120', 'LOT-2501-0160', '2027-12-28', 947, 152023.00, 197630.00, 'F20-01');

COMMIT;

-- =====================================================================
-- THỐNG KÊ SEED DATA MODULE 8 - DƯỢC PHẨM
-- =====================================================================
-- drug_categories:     20 nhóm thuốc
-- drugs:               120 thuốc (20 nhóm dược lý)
-- pharmacy_inventory:  160 lô tồn kho
-- TỔNG:                300 bản ghi
-- =====================================================================